1,Andrassy, Ronda,randrassy0@wsj.com,54.138.175.37
9,Coulthard, Madelina,mcoulthard8@cornell.edu,134.188.204.116
15,Mattiazzi, Filmore,fmattiazzie@nbcnews.com,142.103.187.59
17,Follacaro, Joelynn,jfollacarog@dyndns.org,8.237.14.180
19,Sercombe, Linnell,lsercombei@soundcloud.com,104.62.135.88
21,Brimilcome, Gratiana,gbrimilcomek@usda.gov,49.225.65.135
23,Atto, Sasha,sattom@rediff.com,221.243.26.89
31,Landon, Leonore,llandonu@qq.com,208.147.25.106
33,Hadigate, Kym,khadigatew@webs.com,116.157.238.56
35,Thaw, Georgetta,gthawy@google.nl,247.97.167.162
43,Heinonen, Robinia,rheinonen16@umich.edu,198.240.98.162
57,Fowley, Vita,vfowley1k@jiathis.com,222.208.107.225
59,Albasiny, Gypsy,galbasiny1m@shutterfly.com,119.25.189.15
63,Briat, Florinda,fbriat1q@hostgator.com,42.34.200.34
67,Moxham, Briney,bmoxham1u@godaddy.com,159.91.3.51
71,Aronstam, Jessalin,jaronstam1y@fda.gov,213.206.94.40
75,Gershom, Katherine,kgershom22@auda.org.au,37.238.80.39
77,Rummin, Masha,mrummin24@yahoo.co.jp,45.241.186.181
79,Greenhouse, Sherri,sgreenhouse26@nhs.uk,36.32.234.30
81,Ick, Cindy,cick28@amazonaws.com,213.82.29.1
93,Lortzing, Vinny,vlortzing2k@instagram.com,5.52.202.48
95,Cowthard, Urson,ucowthard2m@google.com,180.157.57.217
