id,first_name,last_name,email,gender,ip_address
1,Ronda,Andrassy,randrassy0@wsj.com,Female,54.138.175.37
2,Westbrook,Dunlop,wdunlop1@independent.co.uk,Male,107.132.129.170
3,Iosep,Sarton,isarton2@dion.ne.jp,Male,19.7.163.175
4,Flory,Gaskill,fgaskill3@spotify.com,Bigender,85.24.224.186
5,Vick,Hand,vhand4@state.tx.us,Male,188.221.143.242
6,Garrott,Lorenc,glorenc5@blogs.com,Agender,146.160.187.249
7,Barrett,Creeber,bcreeber6@microsoft.com,Male,186.34.201.89
8,Trenna,Pane,tpane7@indiegogo.com,Female,200.216.253.39
9,Madelina,Coulthard,mcoulthard8@cornell.edu,Female,134.188.204.116
10,Kelila,Dunkersley,kdunkersley9@jimdo.com,Female,81.72.98.27
11,Vincents,Spincks,vspincksa@adobe.com,Male,182.28.8.127
12,Amabelle,MacEvilly,amacevillyb@51.la,Female,241.97.254.0
13,Craggie,GiacobbiniJacob,cgiacobbinijacobc@list-manage.com,Male,62.73.22.114
14,Armando,Fewkes,afewkesd@telegraph.co.uk,Male,25.249.151.53
15,Filmore,Mattiazzi,fmattiazzie@nbcnews.com,Genderqueer,142.103.187.59
16,Mallissa,Itzhaiek,mitzhaiekf@weebly.com,Female,148.2.141.219
17,Joelynn,Follacaro,jfollacarog@dyndns.org,Female,8.237.14.180
18,Ned,Norris,nnorrish@msu.edu,Male,93.86.38.254
19,Linnell,Sercombe,lsercombei@soundcloud.com,Female,104.62.135.88
20,Brittani,Tweedell,btweedellj@ucoz.ru,Female,231.112.133.217
21,Gratiana,Brimilcome,gbrimilcomek@usda.gov,Female,49.225.65.135
22,Cynde,Crossgrove,ccrossgrovel@cmu.edu,Female,9.247.163.153
23,Sasha,Atto,sattom@rediff.com,Female,221.243.26.89
24,Brandy,Priel,bprieln@addtoany.com,Male,150.249.156.17
25,Land,Easey,leaseyo@tinyurl.com,Male,231.253.17.187
26,Shaun,Tadman,stadmanp@comsenz.com,Male,83.230.69.103
27,Leland,Tinman,ltinmanq@cloudflare.com,Male,137.191.143.53
28,Martica,Schaffler,mschafflerr@qq.com,Genderfluid,149.168.66.20
29,Wolfgang,Brealey,wbrealeys@bizjournals.com,Male,25.152.81.145
30,Sherie,Paramore,sparamoret@feedburner.com,Female,82.177.150.80
31,Leonore,Landon,llandonu@qq.com,Female,208.147.25.106
32,Paule,Hinrichsen,phinrichsenv@booking.com,Female,13.21.231.128
33,Kym,Hadigate,khadigatew@webs.com,Female,116.157.238.56
34,Joe,Forre,jforrex@goo.gl,Male,99.96.210.143
35,Georgetta,Thaw,gthawy@google.nl,Female,247.97.167.162
36,Ned,Dobby,ndobbyz@seattletimes.com,Male,207.155.194.190
37,Ruddie,Ambrosoni,rambrosoni10@bloomberg.com,Male,73.168.113.86
38,Minette,Kalinsky,mkalinsky11@reuters.com,Female,72.161.243.153
39,Hasty,Tolhurst,htolhurst12@lycos.com,Male,80.142.122.36
40,Kimberley,Salasar,ksalasar13@cpanel.net,Female,121.103.61.1
41,Vin,Pye,vpye14@hugedomains.com,Male,71.109.209.3
42,Jessalin,Sleaford,jsleaford15@usda.gov,Female,255.167.85.240
43,Robinia,Heinonen,rheinonen16@umich.edu,Female,198.240.98.162
44,Lyndel,Pershouse,lpershouse17@spotify.com,Female,17.11.70.178
45,Kory,Jakobsson,kjakobsson18@jiathis.com,Male,80.134.211.41
46,Elga,McKelvey,emckelvey19@posterous.com,Female,211.153.168.177
47,Erick,Ouslem,eouslem1a@cocolog-nifty.com,Male,201.197.230.74
48,Aarika,Jonas,ajonas1b@nps.gov,Female,127.164.176.134
49,Laurie,Doldon,ldoldon1c@networkadvertising.org,Male,54.131.222.123
50,Kalli,Mariaud,kmariaud1d@xrea.com,Female,100.16.193.177
51,Lenci,Girardoni,lgirardoni1e@example.com,Male,253.39.137.192
52,Dru,Meechan,dmeechan1f@slashdot.org,Male,99.93.218.122
53,Huey,Deeks,hdeeks1g@paginegialle.it,Male,39.192.18.91
54,Mariquilla,Barrus,mbarrus1h@fema.gov,Female,231.239.161.32
55,Dana,Puddan,dpuddan1i@freewebs.com,Male,169.13.150.88
56,Danya,Huncote,dhuncote1j@scribd.com,Male,124.73.217.100
57,Vita,Fowley,vfowley1k@jiathis.com,Female,222.208.107.225
58,Hogan,Katt,hkatt1l@blogger.com,Male,115.198.88.245
59,Gypsy,Albasiny,galbasiny1m@shutterfly.com,Female,119.25.189.15
60,Ezri,Freddi,efreddi1n@cam.ac.uk,Male,165.100.115.173
61,Wilbur,Antonucci,wantonucci1o@jugem.jp,Male,64.102.157.34
62,Obediah,Fazackerley,ofazackerley1p@flavors.me,Male,54.37.23.240
63,Florinda,Briat,fbriat1q@hostgator.com,Female,42.34.200.34
64,Ealasaid,Tidridge,etidridge1r@angelfire.com,Female,223.106.88.170
65,Dore,Mersey,dmersey1s@chron.com,Male,171.4.29.120
66,Olvan,Dogerty,odogerty1t@squarespace.com,Male,74.139.67.68
67,Briney,Moxham,bmoxham1u@godaddy.com,Female,159.91.3.51
68,Shae,Ramble,sramble1v@mozilla.org,Genderfluid,167.37.121.107
69,Nickola,Heyworth,nheyworth1w@biblegateway.com,Male,96.245.46.183
70,Courtnay,Fassbender,cfassbender1x@t.co,Female,92.101.94.217
71,Jessalin,Aronstam,jaronstam1y@fda.gov,Female,213.206.94.40
72,Korrie,Roulston,kroulston1z@patch.com,Female,81.194.128.221
73,Christopher,Otson,cotson20@admin.ch,Male,2.222.194.122
74,Archer,Eagell,aeagell21@parallels.com,Male,79.18.178.216
75,Katherine,Gershom,kgershom22@auda.org.au,Female,37.238.80.39
76,Audrey,Feaveer,afeaveer23@unesco.org,Female,120.201.239.193
77,Masha,Rummin,mrummin24@yahoo.co.jp,Female,45.241.186.181
78,Krishna,MacAndrew,kmacandrew25@house.gov,Male,16.169.3.138
79,Sherri,Greenhouse,sgreenhouse26@nhs.uk,Female,36.32.234.30
80,Karlotta,Ledbetter,kledbetter27@salon.com,Female,217.164.81.150
81,Cindy,Ick,cick28@amazonaws.com,Female,213.82.29.1
82,Janis,Bullick,jbullick29@whitehouse.gov,Female,197.130.200.99
83,Gian,Iorizzi,giorizzi2a@dedecms.com,Male,115.56.118.203
84,Mikel,Sedcole,msedcole2b@japanpost.jp,Male,179.209.24.43
85,Daryle,Fassman,dfassman2c@yahoo.co.jp,Male,33.23.28.64
86,Ernest,Riordan,eriordan2d@meetup.com,Male,156.21.243.100
87,Pincus,Geake,pgeake2e@buzzfeed.com,Male,95.97.78.126
88,Mort,Ladloe,mladloe2f@irs.gov,Male,108.140.177.225
89,Robert,Tolhurst,rtolhurst2g@woothemes.com,Male,238.136.209.50
90,Gusella,Kemson,gkemson2h@simplemachines.org,Female,174.237.183.215
91,Nehemiah,Steljes,nsteljes2i@w3.org,Male,203.194.70.32
92,Andrei,Wildman,awildman2j@smugmug.com,Female,31.209.93.149
93,Vinny,Lortzing,vlortzing2k@instagram.com,Female,5.52.202.48
94,Willi,Monksfield,wmonksfield2l@zimbio.com,Female,102.229.75.165
95,Urson,Cowthard,ucowthard2m@google.com,Genderqueer,180.157.57.217
96,Cammi,Nudds,cnudds2n@over-blog.com,Female,90.228.15.58
97,Den,Timms,dtimms2o@blogspot.com,Male,36.26.54.169
98,Michelina,Pallaske,mpallaske2p@theglobeandmail.com,Female,152.236.94.238
99,Orson,Sears,osears2q@g.co,Male,239.67.166.183
100,Duff,Donet,ddonet2r@technorati.com,Male,14.182.236.74
