id,first_name,last_name,email,gender,ip_address
1101,Ilyssa,Dyers,idyers0@nbcnews.com,Female,140.218.191.214
1102,Carry,Everton,ceverton1@miibeian.gov.cn,Polygender,98.25.61.104
1103,Artur,Ruzicka,aruzicka2@linkedin.com,Male,192.173.49.231
1104,Mikkel,Tregenza,mtregenza3@ocn.ne.jp,Male,242.153.89.13
1105,Peterus,Puckham,ppuckham4@blogspot.com,Male,229.23.134.143
1106,Linda,Rallings,lrallings5@devhub.com,Female,50.11.112.180
1107,Sergei,Reddish,sreddish6@yellowpages.com,Male,248.46.161.234
1108,Tom,Dowell,tdowell7@parallels.com,Male,137.19.241.141
1109,Alidia,Moar,amoar8@netlog.com,Female,158.0.115.72
1110,Cosmo,Ridsdale,cridsdale9@1688.com,Male,31.84.3.61
1111,Weider,Niesing,wniesinga@yolasite.com,Male,69.148.24.86
1112,Glad,Coyle,gcoyleb@washington.edu,Agender,86.76.168.193
1113,Daisy,Friary,dfriaryc@furl.net,Female,170.233.187.98
1114,Bernardina,Macari,bmacarid@youtu.be,Female,49.227.119.162
1115,Genni,Christofor,gchristofore@moonfruit.com,Female,104.117.63.208
1116,Cassandra,Towell,ctowellf@google.ru,Female,97.153.179.56
1117,Zora,Sheer,zsheerg@arstechnica.com,Female,1.5.28.211
1118,Valaree,Fenne,vfenneh@so-net.ne.jp,Female,93.195.104.64
1119,Jada,Iacovides,jiacovidesi@bloglines.com,Female,140.7.186.158
1120,Byrom,Tortoise,btortoisej@xrea.com,Polygender,78.71.92.157
1121,Selby,Silk,ssilkk@amazon.com,Male,69.234.39.232
1122,Abram,Sabathier,asabathierl@icio.us,Male,197.74.61.54
1123,Marcille,Pesticcio,mpesticciom@vk.com,Genderfluid,120.64.30.143
1124,Leshia,Ferriman,lferrimann@wordpress.com,Female,206.185.218.43
1125,Molly,Friedlos,mfriedloso@photobucket.com,Female,188.255.182.107
1126,Orland,Brewis,obrewisp@wiley.com,Male,20.191.87.80
1127,Jeana,Bunkle,jbunkleq@harvard.edu,Female,0.131.49.200
1128,Bryon,Gownge,bgownger@weibo.com,Male,232.188.128.72
1129,Dianna,Maymand,dmaymands@last.fm,Female,146.35.240.195
1130,Son,Lettington,slettingtont@webeden.co.uk,Male,112.153.38.54
1131,Camel,Garatty,cgarattyu@psu.edu,Female,77.67.91.85
1132,Hesther,Doddridge,hdoddridgev@scientificamerican.com,Female,2.215.77.179
1133,Zuzana,Eastby,zeastbyw@blinklist.com,Female,47.52.9.109
1134,Kandace,Stapley,kstapleyx@infoseek.co.jp,Female,152.48.11.2
1135,Sal,Ewbanks,sewbanksy@opera.com,Male,221.227.2.127
1136,Winfield,Chaters,wchatersz@surveymonkey.com,Male,164.55.37.5
1137,Alma,Wytchard,awytchard10@ted.com,Female,131.233.59.42
1138,Ernesto,Ewer,eewer11@comsenz.com,Male,45.72.71.177
1139,Kariotta,Di Boldi,kdiboldi12@forbes.com,Bigender,168.252.214.39
1140,Harry,Ensley,hensley13@marriott.com,Male,28.123.59.25
1141,Marji,Leuchars,mleuchars14@arizona.edu,Female,16.82.129.127
1142,Brian,Tranmer,btranmer15@plala.or.jp,Male,96.88.64.97
1143,Tod,Dudderidge,tdudderidge16@army.mil,Male,69.163.237.78
1144,Emlynne,Fone,efone17@ucsd.edu,Female,195.145.104.129
1145,Michele,McKniely,mmckniely18@illinois.edu,Female,65.187.170.169
1146,Frants,Gogarty,fgogarty19@bloglovin.com,Male,216.242.16.248
1147,Casie,Briscoe,cbriscoe1a@mozilla.org,Female,252.69.36.34
1148,Chev,Kibbe,ckibbe1b@godaddy.com,Male,154.61.76.225
1149,Rriocard,Dinley,rdinley1c@jimdo.com,Male,227.176.163.204
1150,Tamar,Hesey,thesey1d@newsvine.com,Female,52.17.120.77
1151,Ruperta,Raigatt,rraigatt1e@pinterest.com,Female,27.131.146.205
1152,Rona,Jee,rjee1f@biblegateway.com,Female,90.190.249.12
1153,Deloria,Cronk,dcronk1g@sourceforge.net,Female,212.40.95.81
1154,Elana,Sergean,esergean1h@redcross.org,Female,48.114.181.114
1155,Reade,MacIntosh,rmacintosh1i@biblegateway.com,Male,105.150.147.105
1156,Elberta,Degli Antoni,edegliantoni1j@marriott.com,Genderqueer,106.188.144.175
1157,Reiko,Claque,rclaque1k@techcrunch.com,Female,88.9.218.227
1158,Zilvia,Casiroli,zcasiroli1l@usda.gov,Female,136.175.123.80
1159,Reinaldos,Polleye,rpolleye1m@geocities.com,Male,237.72.238.132
1160,Stirling,MacAne,smacane1n@oakley.com,Male,109.112.140.191
1161,Hiram,Filipyev,hfilipyev1o@bandcamp.com,Male,147.132.222.61
1162,Vinnie,Glanders,vglanders1p@ameblo.jp,Female,92.159.5.43
1163,Paten,Kitto,pkitto1q@creativecommons.org,Male,18.16.242.193
1164,Georgiana,Hammelberg,ghammelberg1r@nhs.uk,Female,194.19.26.242
1165,Sawyere,Giffin,sgiffin1s@prweb.com,Male,57.207.134.125
1166,Lizabeth,Iggulden,liggulden1t@weibo.com,Female,6.209.84.104
1167,Carmelia,Maccari,cmaccari1u@ibm.com,Female,225.190.19.110
1168,Idalina,McLanachan,imclanachan1v@independent.co.uk,Female,44.48.175.105
1169,Terrill,Dibdall,tdibdall1w@ucsd.edu,Male,242.209.183.66
1170,Penelope,Hodges,phodges1x@japanpost.jp,Female,107.136.204.234
1171,Federica,Quenby,fquenby1y@gnu.org,Female,14.117.236.181
1172,Zaccaria,Tyght,ztyght1z@intel.com,Male,87.95.149.42
1173,Susanne,Kinset,skinset20@mapquest.com,Female,178.142.147.65
1174,Jillayne,Leece,jleece21@vk.com,Genderqueer,130.221.193.20
1175,Tamarah,Winwright,twinwright22@cmu.edu,Female,222.82.214.148
1176,Holly-anne,Danbrook,hdanbrook23@google.co.jp,Female,9.196.77.108
1177,Moira,Edmeads,medmeads24@shutterfly.com,Female,145.249.175.19
1178,Phillip,Block,pblock25@telegraph.co.uk,Male,101.146.113.189
1179,Eydie,Surgey,esurgey26@ameblo.jp,Genderfluid,101.86.106.76
1180,Quintus,Benton,qbenton27@jimdo.com,Male,190.173.44.160
1181,Erin,Hutchcraft,ehutchcraft28@tripod.com,Female,108.1.65.85
1182,Seana,Ridel,sridel29@trellian.com,Female,226.162.152.55
1183,Janna,Staries,jstaries2a@earthlink.net,Female,199.142.170.181
1184,Byram,Polk,bpolk2b@cafepress.com,Male,36.25.66.171
1185,Karola,Gawith,kgawith2c@paypal.com,Female,225.245.189.0
1186,Halsy,McNutt,hmcnutt2d@newyorker.com,Male,19.151.137.226
1187,Beck,Ledbetter,bledbetter2e@cbsnews.com,Male,230.83.248.66
1188,Calhoun,Glozman,cglozman2f@amazonaws.com,Male,232.164.196.100
1189,Robert,Domingues,rdomingues2g@theglobeandmail.com,Male,57.201.34.50
1190,Mignon,Skahill,mskahill2h@upenn.edu,Female,27.178.49.113
1191,Perceval,De Metz,pdemetz2i@flickr.com,Male,170.37.208.37
1192,Ichabod,Dewer,idewer2j@rediff.com,Male,182.29.99.177
1193,Vernen,Kop,vkop2k@state.gov,Male,226.235.84.211
1194,Clemence,O'Fergus,cofergus2l@360.cn,Bigender,124.41.56.202
1195,Brett,Popescu,bpopescu2m@indiegogo.com,Male,132.106.8.250
1196,Perren,Balchin,pbalchin2n@wufoo.com,Male,86.172.175.139
1197,Jobey,Austing,jausting2o@usa.gov,Non-binary,203.52.151.11
1198,Ebeneser,Shouler,eshouler2p@usnews.com,Male,185.41.196.91
1199,Tiff,Earl,tearl2q@cam.ac.uk,Female,90.115.159.130
1200,Abdel,MacCorley,amaccorley2r@networkadvertising.org,Male,248.145.176.233
1201,Harald,Kenningley,hkenningley2s@myspace.com,Male,132.45.54.244
1202,Wit,Rhoddie,wrhoddie2t@gov.uk,Male,73.123.153.220
1203,Chip,Barrand,cbarrand2u@ted.com,Male,125.0.213.108
1204,Ramsey,Ledstone,rledstone2v@ask.com,Male,43.152.114.211
1205,Kerstin,De Gogay,kdegogay2w@issuu.com,Female,179.174.106.20
1206,Jodie,Corp,jcorp2x@artisteer.com,Male,65.171.228.225
1207,Bartram,Bessell,bbessell2y@toplist.cz,Bigender,165.138.26.41
1208,Horst,Vassie,hvassie2z@nbcnews.com,Male,180.232.21.255
1209,Maryann,Sjollema,msjollema30@wordpress.org,Female,111.79.79.112
1210,Thacher,Aldin,taldin31@cnbc.com,Male,63.90.127.235
1211,Valentine,Brok,vbrok32@1und1.de,Agender,78.124.155.133
1212,Dewey,Denkin,ddenkin33@paypal.com,Male,210.169.141.37
1213,Sabina,Doxey,sdoxey34@geocities.com,Female,110.145.1.44
1214,Charmain,Lowndes,clowndes35@gnu.org,Female,132.119.31.185
1215,Ibrahim,Bonallack,ibonallack36@fotki.com,Male,151.183.62.133
1216,Dalston,Mougeot,dmougeot37@wix.com,Male,14.229.194.183
1217,Daryle,Blankau,dblankau38@umich.edu,Male,58.197.184.153
1218,Fenelia,Freestone,ffreestone39@ebay.co.uk,Female,128.140.229.132
1219,Sherm,Limbert,slimbert3a@comcast.net,Male,15.145.12.133
1220,Montague,Towle,mtowle3b@salon.com,Male,79.51.225.104
1221,Kent,Bestar,kbestar3c@pagesperso-orange.fr,Male,53.86.139.163
1222,Gonzales,Haime,ghaime3d@blogspot.com,Bigender,71.160.55.130
1223,Valida,Goodge,vgoodge3e@un.org,Female,149.182.1.27
1224,Danica,Cappleman,dcappleman3f@wired.com,Female,229.231.182.135
1225,Stanly,Rosberg,srosberg3g@wikia.com,Male,184.98.1.235
1226,Sterne,Mindenhall,smindenhall3h@blog.com,Genderqueer,76.68.15.211
1227,Constantine,Mistry,cmistry3i@fema.gov,Male,47.143.105.140
1228,Philippe,Livingston,plivingston3j@skype.com,Agender,139.79.37.171
1229,Kelli,Kubatsch,kkubatsch3k@clickbank.net,Female,158.69.255.251
1230,Eldredge,Schimaschke,eschimaschke3l@ft.com,Genderfluid,14.72.199.173
1231,Ogdon,Denniss,odenniss3m@ezinearticles.com,Male,188.238.173.182
1232,Dorthy,Ungaretti,dungaretti3n@google.de,Female,70.77.2.26
1233,Anne-corinne,Smithen,asmithen3o@themeforest.net,Female,112.227.158.165
1234,Price,Antrobus,pantrobus3p@walmart.com,Male,63.179.133.9
1235,Kennie,Simonnin,ksimonnin3q@ft.com,Male,192.6.81.129
1236,Rhys,Harder,rharder3r@redcross.org,Male,214.128.91.25
1237,Cyndy,Mingotti,cmingotti3s@cam.ac.uk,Female,116.200.160.123
1238,Murial,Rawkesby,mrawkesby3t@infoseek.co.jp,Female,182.210.189.166
1239,Prince,Scarsbrook,pscarsbrook3u@typepad.com,Male,58.8.70.43
1240,Lucie,Donativo,ldonativo3v@ebay.com,Female,74.230.169.161
1241,Jamesy,Dalling,jdalling3w@latimes.com,Male,158.168.200.60
1242,Carlyle,Roglieri,croglieri3x@studiopress.com,Male,15.48.59.237
1243,Griswold,Measen,gmeasen3y@smugmug.com,Male,108.109.101.233
1244,Johanna,Ivatts,jivatts3z@google.co.uk,Female,3.210.17.198
1245,Alexis,Golde,agolde40@who.int,Female,129.73.206.73
1246,Clara,Goves,cgoves41@fema.gov,Female,86.11.194.199
1247,Melisse,Grieg,mgrieg42@geocities.jp,Female,238.121.34.8
1248,Lynnette,McClancy,lmcclancy43@ehow.com,Female,210.130.8.144
1249,Zandra,Faich,zfaich44@tripadvisor.com,Female,208.72.6.135
1250,Karmen,Marzelli,kmarzelli45@ted.com,Female,0.55.55.46
1251,Appolonia,Moules,amoules46@bizjournals.com,Female,116.186.77.53
1252,Maren,Skunes,mskunes47@hexun.com,Female,62.89.36.94
1253,Ludwig,Rucklesse,lrucklesse48@amazonaws.com,Male,174.37.172.117
1254,Gennifer,Coan,gcoan49@bluehost.com,Female,46.44.150.240
1255,Yetty,O'Crigan,yocrigan4a@networksolutions.com,Female,76.85.36.152
1256,Harwell,Corstorphine,hcorstorphine4b@unc.edu,Genderfluid,46.254.249.26
1257,Bonnibelle,Lanktree,blanktree4c@angelfire.com,Female,3.207.45.136
1258,Zarah,Birch,zbirch4d@over-blog.com,Female,113.120.54.157
1259,Jennie,Jepps,jjepps4e@youtu.be,Polygender,123.17.87.179
1260,Granger,Rosiello,grosiello4f@columbia.edu,Male,8.19.60.39
1261,Edgardo,Tremayne,etremayne4g@upenn.edu,Male,107.57.31.156
1262,Cathe,Milton-White,cmiltonwhite4h@oaic.gov.au,Female,212.216.30.155
1263,Ronalda,Adamthwaite,radamthwaite4i@cisco.com,Female,164.12.180.234
1264,Rosetta,Jarvis,rjarvis4j@paypal.com,Female,186.125.192.185
1265,Llewellyn,Girogetti,lgirogetti4k@nyu.edu,Male,198.214.128.59
1266,Modestine,Isakowicz,misakowicz4l@bigcartel.com,Female,18.59.163.27
1267,Wally,Giacubbo,wgiacubbo4m@marriott.com,Female,86.69.253.41
1268,Tremain,Duff,tduff4n@ca.gov,Agender,211.245.144.212
1269,Marnia,Carrigan,mcarrigan4o@odnoklassniki.ru,Female,249.214.179.159
1270,Allegra,Aitken,aaitken4p@dagondesign.com,Female,233.179.172.53
1271,Elizabeth,O'Moylan,eomoylan4q@buzzfeed.com,Female,180.52.22.183
1272,Germaine,Posvner,gposvner4r@hc360.com,Male,29.201.73.97
1273,Dennis,Jerrom,djerrom4s@godaddy.com,Male,1.240.136.7
1274,Frederick,Ballintime,fballintime4t@scientificamerican.com,Male,230.7.25.87
1275,Pierrette,Renouf,prenouf4u@google.ca,Female,153.75.2.223
1276,Selinda,Felgate,sfelgate4v@sitemeter.com,Genderfluid,39.61.6.48
1277,Adda,Callan,acallan4w@craigslist.org,Female,25.238.33.238
1278,Robinson,Blabie,rblabie4x@archive.org,Male,234.214.135.68
1279,Philbert,Goodsir,pgoodsir4y@163.com,Male,58.66.4.63
1280,Simeon,Juza,sjuza4z@icio.us,Male,242.43.197.160
1281,Elmira,Joynt,ejoynt50@123-reg.co.uk,Female,202.120.171.130
1282,Enrico,Burtt,eburtt51@furl.net,Male,55.186.189.175
1283,Titos,Prothero,tprothero52@microsoft.com,Male,146.228.109.66
1284,Torrance,Thirlwall,tthirlwall53@blogtalkradio.com,Male,247.131.52.88
1285,Thorin,Doyley,tdoyley54@de.vu,Male,63.102.78.167
1286,Mirna,Aaronsohn,maaronsohn55@yahoo.co.jp,Female,7.172.41.162
1287,Issiah,Yo,iyo56@abc.net.au,Male,33.6.250.61
1288,Virge,Close,vclose57@wp.com,Male,218.17.233.254
1289,Oran,Trippett,otrippett58@whitehouse.gov,Male,147.76.16.73
1290,Diann,Battill,dbattill59@cocolog-nifty.com,Female,189.117.241.226
1291,Kimmy,Greystock,kgreystock5a@sun.com,Female,224.199.73.52
1292,Johannes,Majury,jmajury5b@stanford.edu,Male,242.118.249.103
1293,Carny,Barbour,cbarbour5c@google.de,Male,139.18.16.128
1294,Pia,Holbie,pholbie5d@scribd.com,Female,248.188.79.87
1295,Maria,MacMickan,mmacmickan5e@unicef.org,Female,59.30.47.93
1296,Sharl,Ironmonger,sironmonger5f@jimdo.com,Female,200.34.157.42
1297,Anstice,Havercroft,ahavercroft5g@vistaprint.com,Female,49.100.163.3
1298,Clemmy,Tonkinson,ctonkinson5h@chicagotribune.com,Female,115.139.232.252
1299,Thaddeus,Torpie,ttorpie5i@whitehouse.gov,Male,239.183.173.65
1300,Adamo,Sabin,asabin5j@vinaora.com,Male,92.225.162.211
1301,Barbara-anne,Britzius,bbritzius5k@china.com.cn,Female,167.205.109.149
1302,Shane,Yerborn,syerborn5l@cnbc.com,Male,172.40.71.237
1303,Netti,Toyne,ntoyne5m@bloomberg.com,Female,203.184.45.235
1304,Lance,Fiddiman,lfiddiman5n@dailymail.co.uk,Male,37.92.73.204
1305,Raviv,Lacky,rlacky5o@elpais.com,Male,1.204.76.125
1306,Currie,Morriss,cmorriss5p@wired.com,Male,52.79.4.224
1307,Kiel,MacClure,kmacclure5q@ftc.gov,Male,231.174.34.166
1308,Roscoe,Hoppner,rhoppner5r@diigo.com,Polygender,217.197.21.184
1309,Tomi,Lowerson,tlowerson5s@mozilla.org,Female,209.209.74.136
1310,Gisella,Loudyan,gloudyan5t@netscape.com,Female,61.155.93.58
1311,Melisent,Rault,mrault5u@goo.ne.jp,Female,242.126.187.67
1312,Clint,Caney,ccaney5v@quantcast.com,Male,241.204.231.120
1313,Herb,Crush,hcrush5w@ebay.com,Male,65.230.19.120
1314,Cordelia,Bickerdike,cbickerdike5x@goo.ne.jp,Female,11.148.118.39
1315,Darbie,Jozaitis,djozaitis5y@wp.com,Female,55.253.140.159
1316,Corty,Keep,ckeep5z@umn.edu,Genderfluid,13.115.188.17
1317,Elva,Breede,ebreede60@cnbc.com,Female,181.61.154.128
1318,Ginger,MacAllen,gmacallen61@google.it,Female,226.125.224.191
1319,Paddie,Onians,ponians62@google.fr,Male,135.111.70.232
1320,Inigo,Brownhill,ibrownhill63@jiathis.com,Male,82.42.191.93
1321,Claudie,Yes,cyes64@examiner.com,Female,16.75.151.127
1322,Melicent,Eversfield,meversfield65@usatoday.com,Female,43.195.132.68
1323,Garnette,Stenners,gstenners66@statcounter.com,Female,179.126.138.6
1324,Gawen,Dalziell,gdalziell67@bloglovin.com,Male,88.21.22.146
1325,Ronny,Neles,rneles68@marketwatch.com,Male,249.69.89.204
1326,Jenn,Godfrey,jgodfrey69@1und1.de,Female,255.158.111.118
1327,Charil,Conybear,cconybear6a@google.es,Female,115.56.249.125
1328,Lek,Poulsum,lpoulsum6b@cyberchimps.com,Male,176.253.134.40
1329,Garret,Statter,gstatter6c@pinterest.com,Male,29.93.252.115
1330,Rori,Leadbetter,rleadbetter6d@google.nl,Female,20.71.31.27
1331,Willey,Fancy,wfancy6e@harvard.edu,Male,211.117.48.99
1332,Ardelia,Garey,agarey6f@so-net.ne.jp,Female,38.244.231.111
1333,Reggi,Averill,raverill6g@house.gov,Bigender,4.139.192.122
1334,Syd,Fettis,sfettis6h@foxnews.com,Non-binary,27.220.206.244
1335,Wallie,Goodrum,wgoodrum6i@slate.com,Male,2.40.143.139
1336,Veda,MacCurley,vmaccurley6j@ifeng.com,Female,49.64.219.228
1337,Barnabe,Ratazzi,bratazzi6k@sbwire.com,Male,103.185.67.125
1338,Hastings,Gavaran,hgavaran6l@php.net,Male,225.177.95.223
1339,Nichol,Iley,niley6m@marketwatch.com,Female,223.209.214.126
1340,Levin,Whyteman,lwhyteman6n@github.io,Male,244.52.143.223
1341,Enid,Alfonsetto,ealfonsetto6o@meetup.com,Female,21.184.94.92
1342,Jonathon,O'Gleasane,jogleasane6p@chicagotribune.com,Genderqueer,220.62.214.22
1343,Alta,Bateup,abateup6q@usa.gov,Female,15.119.0.227
1344,Grier,McCurrie,gmccurrie6r@prnewswire.com,Female,80.63.29.181
1345,Page,Deighton,pdeighton6s@oakley.com,Female,222.243.34.49
1346,Deana,Warlock,dwarlock6t@hubpages.com,Female,205.73.128.143
1347,Milzie,Ovize,movize6u@gov.uk,Female,142.243.158.204
1348,Adrien,Becaris,abecaris6v@moonfruit.com,Genderfluid,90.206.203.40
1349,Kin,Cammiemile,kcammiemile6w@dropbox.com,Male,26.138.96.0
1350,Charline,Floch,cfloch6x@wordpress.com,Genderfluid,175.39.212.122
1351,Lorens,Guyot,lguyot6y@mtv.com,Male,228.43.222.11
1352,Hardy,Rubinowicz,hrubinowicz6z@nps.gov,Male,226.113.143.111
1353,Cornelius,Hamerton,chamerton70@nasa.gov,Male,43.24.124.131
1354,Ashley,Weiss,aweiss71@upenn.edu,Genderqueer,148.118.111.50
1355,Dulcinea,Roscow,droscow72@pcworld.com,Female,33.105.157.97
1356,Faustine,Darter,fdarter73@csmonitor.com,Female,77.170.247.250
1357,Delores,Element,delement74@skyrock.com,Female,59.91.229.192
1358,Suzanna,Woodruff,swoodruff75@spiegel.de,Female,199.134.41.103
1359,Sutton,Guilloux,sguilloux76@netvibes.com,Male,54.209.255.132
1360,Walker,Steiner,wsteiner77@miitbeian.gov.cn,Male,239.234.166.213
1361,Aubert,Newis,anewis78@who.int,Male,173.96.97.245
1362,Sanderson,Gurney,sgurney79@icio.us,Male,126.112.223.129
1363,Phil,MacArte,pmacarte7a@redcross.org,Male,75.166.248.155
1364,Katy,Peerless,kpeerless7b@wix.com,Genderfluid,114.66.211.242
1365,Alfonso,Repper,arepper7c@weibo.com,Male,145.21.86.21
1366,Riobard,Rosthorn,rrosthorn7d@cafepress.com,Male,158.1.228.140
1367,Kata,Killick,kkillick7e@free.fr,Female,102.188.144.18
1368,Rutger,Bazell,rbazell7f@unesco.org,Male,93.251.119.182
1369,Barnabas,Deble,bdeble7g@facebook.com,Male,167.164.101.246
1370,Wilmer,Ribou,wribou7h@odnoklassniki.ru,Male,20.231.102.13
1371,Loren,Vennard,lvennard7i@tamu.edu,Male,237.139.232.60
1372,Thalia,Belchambers,tbelchambers7j@shop-pro.jp,Female,40.168.32.1
1373,Berti,Muscott,bmuscott7k@homestead.com,Female,57.232.103.213
1374,Kathye,Bortol,kbortol7l@ycombinator.com,Female,77.169.212.131
1375,Marlee,Cestard,mcestard7m@fotki.com,Female,184.229.65.25
1376,Celesta,Leaves,cleaves7n@mysql.com,Female,249.239.165.171
1377,Sharleen,Armstrong,sarmstrong7o@slate.com,Female,118.36.168.246
1378,Zacharias,Chanter,zchanter7p@homestead.com,Male,219.148.14.114
1379,Gallard,Ladell,gladell7q@google.de,Male,118.122.246.179
1380,Annabel,Sumpner,asumpner7r@moonfruit.com,Female,93.62.50.165
1381,Bail,Shorland,bshorland7s@fotki.com,Male,2.39.229.13
1382,Janith,Roscrigg,jroscrigg7t@example.com,Female,5.149.186.205
1383,Melvyn,Balsdone,mbalsdone7u@squarespace.com,Male,137.72.113.225
1384,Pembroke,Meardon,pmeardon7v@storify.com,Male,95.130.246.102
1385,Cam,Mountain,cmountain7w@oaic.gov.au,Female,204.230.5.189
1386,Hali,Algie,halgie7x@marketwatch.com,Female,36.253.181.157
1387,Ansell,Aiton,aaiton7y@arstechnica.com,Non-binary,180.247.98.37
1388,Olia,Mattock,omattock7z@npr.org,Female,162.99.103.135
1389,Leisha,Renzo,lrenzo80@altervista.org,Agender,171.56.192.182
1390,Jeannie,Morrad,jmorrad81@ameblo.jp,Female,106.232.27.12
1391,Brody,Cutcliffe,bcutcliffe82@facebook.com,Male,21.175.245.41
1392,Steffie,Strugnell,sstrugnell83@gov.uk,Female,136.31.209.112
1393,Sanderson,Esmead,sesmead84@vk.com,Male,78.205.137.77
1394,Mabelle,Yanyshev,myanyshev85@so-net.ne.jp,Female,138.8.244.170
1395,Efren,Pardon,epardon86@shutterfly.com,Male,243.188.158.88
1396,Timi,O'Sirin,tosirin87@chron.com,Female,115.248.140.145
1397,Jenelle,Wakerley,jwakerley88@mapquest.com,Genderqueer,20.181.182.162
1398,Randene,Bartrop,rbartrop89@sfgate.com,Female,69.136.143.201
1399,West,Caser,wcaser8a@amazon.de,Male,144.138.87.188
1400,Mohandis,Demogeot,mdemogeot8b@uiuc.edu,Male,195.153.40.120
1401,Meridel,Bidwell,mbidwell8c@hostgator.com,Female,201.33.136.56
1402,Brantley,Gurnay,bgurnay8d@de.vu,Male,194.10.177.89
1403,Hermie,Dunnion,hdunnion8e@jigsy.com,Male,221.14.9.33
1404,Halsey,Ockleshaw,hockleshaw8f@jalbum.net,Male,27.161.220.198
1405,Kendell,Greene,kgreene8g@amazon.de,Male,31.213.238.125
1406,Juliann,Ausiello,jausiello8h@europa.eu,Female,39.140.160.9
1407,Vin,Aymer,vaymer8i@nationalgeographic.com,Male,61.150.163.13
1408,Leia,Gietz,lgietz8j@histats.com,Non-binary,109.212.246.188
1409,Shawna,Fromant,sfromant8k@accuweather.com,Female,231.23.109.53
1410,Dene,Reedyhough,dreedyhough8l@1und1.de,Male,55.151.161.35
1411,Aaren,Allcoat,aallcoat8m@ucsd.edu,Female,114.225.218.141
1412,Olav,Pardie,opardie8n@mysql.com,Male,159.101.38.29
1413,Denys,Exall,dexall8o@nytimes.com,Male,80.182.93.167
1414,Stephana,Visick,svisick8p@yandex.ru,Female,206.178.184.216
1415,Lola,Izard,lizard8q@printfriendly.com,Bigender,246.108.169.146
1416,Nahum,Le Strange,nlestrange8r@bigcartel.com,Male,116.211.125.255
1417,Dolph,Doeg,ddoeg8s@posterous.com,Male,1.15.52.209
1418,Hervey,Durrad,hdurrad8t@mozilla.org,Male,226.37.244.252
1419,Alfreda,Bovis,abovis8u@jalbum.net,Female,82.62.186.197
1420,Amaleta,Genever,agenever8v@instagram.com,Female,170.212.176.32
1421,Estrellita,Seeviour,eseeviour8w@constantcontact.com,Female,184.52.179.69
1422,Vonni,Armit,varmit8x@accuweather.com,Female,40.22.93.5
1423,Barbabra,Charrier,bcharrier8y@etsy.com,Female,181.104.56.89
1424,Sileas,Robert,srobert8z@webeden.co.uk,Female,125.174.129.76
1425,Leisha,Spilsted,lspilsted90@ca.gov,Female,155.117.67.251
1426,Adlai,Givens,agivens91@diigo.com,Male,15.62.10.216
1427,Bradford,Swaddle,bswaddle92@wikipedia.org,Male,103.68.212.160
1428,Valerie,Stivers,vstivers93@irs.gov,Female,62.47.200.77
1429,Lilyan,Biasioli,lbiasioli94@princeton.edu,Female,187.222.170.76
1430,Wilbert,Bompas,wbompas95@timesonline.co.uk,Male,144.86.194.72
1431,Kippar,Quilty,kquilty96@addtoany.com,Male,64.191.50.103
1432,Chase,Pariso,cpariso97@taobao.com,Male,254.212.38.139
1433,Thedrick,Mollnar,tmollnar98@twitter.com,Male,206.177.200.216
1434,Chrisy,Lynam,clynam99@scientificamerican.com,Male,125.61.191.231
1435,Leonardo,Kingsford,lkingsford9a@exblog.jp,Male,35.123.252.244
1436,Edward,Dimitru,edimitru9b@mayoclinic.com,Male,59.94.177.238
1437,Norby,Calvie,ncalvie9c@yelp.com,Male,132.107.122.193
1438,Randell,Durtnel,rdurtnel9d@house.gov,Male,179.2.58.244
1439,Bendite,Sey,bsey9e@moonfruit.com,Female,234.59.63.56
1440,Dallas,Tiltman,dtiltman9f@npr.org,Female,183.75.105.171
1441,Shelby,Gadney,sgadney9g@bigcartel.com,Female,113.86.121.136
1442,Pandora,Martschke,pmartschke9h@uiuc.edu,Female,102.209.213.217
1443,Christiano,De Malchar,cdemalchar9i@theguardian.com,Male,236.167.88.208
1444,Petronilla,Lewknor,plewknor9j@exblog.jp,Female,115.8.157.107
1445,Andres,Cesco,acesco9k@histats.com,Male,228.5.214.245
1446,Tades,Arnett,tarnett9l@bigcartel.com,Male,59.7.58.211
1447,Deni,Heaven,dheaven9m@google.co.jp,Female,125.30.197.170
1448,Mycah,Amys,mamys9n@yellowbook.com,Male,47.251.237.43
1449,Tiertza,Dinzey,tdinzey9o@twitter.com,Female,21.43.119.255
1450,Brittany,Domotor,bdomotor9p@huffingtonpost.com,Female,204.198.56.65
1451,Idelle,Sweetland,isweetland9q@is.gd,Female,170.169.230.144
1452,Sandye,Ortells,sortells9r@meetup.com,Female,28.46.149.111
1453,Desirae,Giovannetti,dgiovannetti9s@addtoany.com,Female,19.174.9.83
1454,Abba,ducarme,aducarme9t@marriott.com,Male,137.223.180.51
1455,Archibaldo,Poundsford,apoundsford9u@163.com,Male,222.215.184.62
1456,Kimberley,Ledster,kledster9v@de.vu,Female,66.229.36.140
1457,Briney,Ruddoch,bruddoch9w@cyberchimps.com,Genderqueer,158.66.27.72
1458,Simonne,Carmen,scarmen9x@yellowbook.com,Female,255.19.241.218
1459,Brady,Bride,bbride9y@mapy.cz,Male,223.16.191.241
1460,Fidole,Chant,fchant9z@yahoo.com,Male,181.68.32.197
1461,Gaynor,Buten,gbutena0@aboutads.info,Female,232.18.230.194
1462,Berny,Vasilik,bvasilika1@slate.com,Female,107.215.125.159
1463,Hayden,Krysztofiak,hkrysztofiaka2@1und1.de,Male,209.2.244.90
1464,Fabio,Goodred,fgoodreda3@plala.or.jp,Male,155.73.162.226
1465,Allie,Fonte,afontea4@vistaprint.com,Male,43.80.158.85
1466,Morena,Spours,mspoursa5@de.vu,Genderfluid,252.198.91.113
1467,Jessalin,Desborough,jdesborougha6@un.org,Female,46.16.221.11
1468,Daron,Exter,dextera7@ed.gov,Male,124.244.0.171
1469,Nat,Meyer,nmeyera8@elpais.com,Male,8.77.203.62
1470,Red,Farraway,rfarrawaya9@prlog.org,Male,196.178.102.238
1471,Emyle,Tiery,etieryaa@buzzfeed.com,Female,105.209.196.0
1472,Emmerich,Burdytt,eburdyttab@blogger.com,Male,55.6.49.173
1473,Samara,Olohan,solohanac@usgs.gov,Female,84.26.7.248
1474,Fleming,Empringham,fempringhamad@nsw.gov.au,Male,6.18.183.246
1475,Pandora,Asgodby,pasgodbyae@tumblr.com,Female,188.204.117.61
1476,Cymbre,Jagger,cjaggeraf@census.gov,Female,95.76.188.187
1477,Pippo,Tomaino,ptomainoag@gizmodo.com,Male,52.64.204.13
1478,Neale,Stowte,nstowteah@weibo.com,Male,96.95.27.208
1479,Roz,Brashier,rbrashierai@epa.gov,Female,242.112.186.0
1480,Orrin,Auden,oaudenaj@wikimedia.org,Male,5.70.208.31
1481,Lawrence,Mingardi,lmingardiak@washington.edu,Male,160.237.203.86
1482,Bjorn,Brabyn,bbrabynal@ifeng.com,Male,122.55.13.230
1483,Carr,Shackleford,cshacklefordam@time.com,Male,26.85.116.109
1484,Grange,Davion,gdavionan@cargocollective.com,Male,124.105.25.251
1485,Bettine,Welling,bwellingao@diigo.com,Female,128.204.244.119
1486,Roberta,Sutter,rsutterap@blogs.com,Female,16.232.27.120
1487,Gerard,Langeren,glangerenaq@cafepress.com,Male,40.60.131.113
1488,Annabelle,Jefferson,ajeffersonar@hubpages.com,Female,115.13.76.32
1489,Cole,Daice,cdaiceas@elpais.com,Male,210.185.196.105
1490,Adorne,Badman,abadmanat@thetimes.co.uk,Female,134.223.162.141
1491,Merlina,Caselli,mcaselliau@tripod.com,Female,76.138.116.231
1492,Valentijn,De Vaan,vdevaanav@liveinternet.ru,Male,108.158.170.229
1493,Giulio,Ranscombe,granscombeaw@noaa.gov,Male,16.226.121.173
1494,Nolly,Meadley,nmeadleyax@alexa.com,Male,129.177.87.114
1495,Elyse,Leyborne,eleyborneay@eventbrite.com,Female,99.121.30.152
1496,Octavia,Sanbrook,osanbrookaz@histats.com,Female,116.174.147.194
1497,Vanya,Pritty,vprittyb0@i2i.jp,Female,0.183.12.206
1498,Vita,Tindall,vtindallb1@exblog.jp,Female,149.137.38.111
1499,Tiena,Tytler,ttytlerb2@psu.edu,Genderfluid,187.131.35.232
1500,Rafi,Derham,rderhamb3@webeden.co.uk,Male,66.75.85.163
1501,Birch,Reuven,breuvenb4@a8.net,Male,155.33.136.106
1502,Melly,Dubarry,mdubarryb5@multiply.com,Female,18.255.202.232
1503,Gelya,Petrello,gpetrellob6@marketwatch.com,Polygender,166.26.60.55
1504,Hammad,Crowdace,hcrowdaceb7@cdbaby.com,Male,35.209.170.98
1505,Andra,Astbury,aastburyb8@photobucket.com,Agender,74.27.227.2
1506,Sib,Robinett,srobinettb9@time.com,Female,22.120.33.0
1507,Antonio,Enoch,aenochba@paginegialle.it,Male,126.37.192.221
1508,Padget,Topliss,ptoplissbb@usnews.com,Male,217.142.113.154
1509,Brennen,Petroff,bpetroffbc@miitbeian.gov.cn,Male,165.99.41.156
1510,Swen,Golightly,sgolightlybd@odnoklassniki.ru,Male,150.57.249.164
1511,Julita,Sadd,jsaddbe@oakley.com,Female,39.161.90.68
1512,Perren,Arnely,parnelybf@yolasite.com,Male,83.33.15.97
1513,Valeria,Heighton,vheightonbg@telegraph.co.uk,Female,45.175.219.46
1514,Terri-jo,Exrol,texrolbh@biblegateway.com,Female,147.212.4.153
1515,Rudd,Huett,rhuettbi@pcworld.com,Male,168.35.70.165
1516,Ginger,Arnaudi,garnaudibj@scribd.com,Female,106.98.112.254
1517,Anne,Digance,adigancebk@census.gov,Female,149.126.80.207
1518,Sande,Keming,skemingbl@sourceforge.net,Female,15.187.164.142
1519,Ludwig,O'Hannay,lohannaybm@constantcontact.com,Male,75.217.83.63
1520,Filia,Pitcher,fpitcherbn@jiathis.com,Genderqueer,69.61.12.84
1521,Zachariah,Sellstrom,zsellstrombo@macromedia.com,Male,148.62.134.234
1522,Dominik,McElhargy,dmcelhargybp@businessweek.com,Male,228.227.93.197
1523,Laurianne,Buesnel,lbuesnelbq@surveymonkey.com,Female,91.120.204.95
1524,Janie,Halsall,jhalsallbr@blogtalkradio.com,Female,211.101.188.95
1525,Tedd,Reddings,treddingsbs@php.net,Male,178.78.108.172
1526,Obed,Fordham,ofordhambt@ovh.net,Male,70.194.231.42
1527,Barty,Maude,bmaudebu@about.me,Male,194.89.130.196
1528,Eilis,Biddwell,ebiddwellbv@sakura.ne.jp,Female,210.117.70.38
1529,Tanya,Collick,tcollickbw@mac.com,Genderqueer,84.192.105.30
1530,Marcellus,Santus,msantusbx@wisc.edu,Male,109.52.59.134
1531,Brier,Chaman,bchamanby@marriott.com,Female,142.150.42.52
1532,Kilian,Elam,kelambz@seesaa.net,Male,74.181.187.86
1533,Rosaleen,Sabine,rsabinec0@jalbum.net,Female,62.32.126.237
1534,Kenyon,Hordle,khordlec1@princeton.edu,Male,191.202.175.82
1535,Vernen,Jedrys,vjedrysc2@pbs.org,Male,216.41.110.155
1536,Lyell,Coan,lcoanc3@oakley.com,Male,172.134.219.88
1537,Bibbye,Loftus,bloftusc4@tripod.com,Female,65.165.144.145
1538,Byrom,Turley,bturleyc5@artisteer.com,Male,63.147.128.130
1539,Tamera,Lorait,tloraitc6@seesaa.net,Polygender,242.218.4.189
1540,George,Medland,gmedlandc7@berkeley.edu,Male,73.183.78.10
1541,Auroora,Semmens,asemmensc8@amazon.de,Female,146.21.150.31
1542,Philly,O'Bradden,pobraddenc9@squidoo.com,Female,159.221.72.247
1543,Anabal,Bubb,abubbca@yale.edu,Female,38.209.190.64
1544,Friedrich,Giron,fgironcb@bluehost.com,Male,100.225.79.24
1545,Kelsy,Dowe,kdowecc@dedecms.com,Female,179.137.153.190
1546,Gabriell,Kinch,gkinchcd@ucoz.ru,Female,20.126.248.204
1547,Lynde,Yepiskov,lyepiskovce@a8.net,Female,161.104.193.14
1548,Ulric,Pusill,upusillcf@mozilla.com,Male,3.35.20.194
1549,Lucretia,Luisetti,lluisetticg@ebay.com,Female,141.203.136.39
1550,Steffi,Roggeman,sroggemanch@unc.edu,Female,151.66.19.196
1551,Boris,Tussaine,btussaineci@jiathis.com,Male,3.244.63.118
1552,Marin,Santino,msantinocj@usgs.gov,Female,111.251.156.118
1553,Kellie,Pergens,kpergensck@creativecommons.org,Female,101.252.221.63
1554,Cordy,Swidenbank,cswidenbankcl@wisc.edu,Male,236.163.180.77
1555,Brannon,Geroldo,bgeroldocm@oracle.com,Male,216.254.82.203
1556,Madelena,Epgrave,mepgravecn@google.es,Female,156.28.115.144
1557,Chet,Dyter,cdyterco@netlog.com,Male,179.42.63.99
1558,Christoper,Presidey,cpresideycp@auda.org.au,Male,138.112.177.174
1559,Staford,Tommis,stommiscq@census.gov,Male,138.147.81.231
1560,Bianka,Lapthorne,blapthornecr@bing.com,Female,199.215.45.239
1561,Marget,Adamsen,madamsencs@craigslist.org,Female,133.113.115.200
1562,Bevin,Sumner,bsumnerct@hp.com,Male,114.54.169.177
1563,Filbert,Mompesson,fmompessoncu@un.org,Male,163.36.76.138
1564,Ruthie,Danielian,rdanieliancv@jigsy.com,Female,233.81.87.211
1565,Devlin,Heavens,dheavenscw@icio.us,Male,115.37.16.56
1566,Josselyn,Meeking,jmeekingcx@1und1.de,Female,186.228.121.186
1567,Mollie,Mossop,mmossopcy@ftc.gov,Female,142.242.118.35
1568,Darcey,Perris,dperriscz@moonfruit.com,Female,167.16.6.184
1569,Rudolfo,Tedorenko,rtedorenkod0@aol.com,Male,97.46.114.231
1570,Aldus,Peal,apeald1@rakuten.co.jp,Male,224.21.125.88
1571,Izaak,Lodder,ilodderd2@indiatimes.com,Genderqueer,198.206.193.42
1572,Irina,Botly,ibotlyd3@acquirethisname.com,Female,184.129.45.102
1573,Ingunna,Coste,icosted4@google.nl,Female,124.69.181.32
1574,Woodrow,Brinicombe,wbrinicombed5@nationalgeographic.com,Male,210.5.117.187
1575,Kimberley,Nicklen,knicklend6@bluehost.com,Female,132.45.212.92
1576,Ibbie,Cordelet,icordeletd7@hostgator.com,Female,248.224.0.190
1577,Murvyn,Carloni,mcarlonid8@nature.com,Male,192.226.114.191
1578,Normie,Tetlow,ntetlowd9@nytimes.com,Male,154.136.36.244
1579,Mile,Oldacres,moldacresda@quantcast.com,Male,7.219.177.166
1580,Jenilee,Balma,jbalmadb@google.de,Female,36.156.208.46
1581,Rois,Conkie,rconkiedc@whitehouse.gov,Female,39.31.178.44
1582,Marris,Catenot,mcatenotdd@intel.com,Bigender,167.14.224.46
1583,Seline,Durtnell,sdurtnellde@tmall.com,Female,138.243.188.190
1584,Floris,Penticoot,fpenticootdf@blogspot.com,Female,136.66.126.22
1585,Parker,Kamall,pkamalldg@guardian.co.uk,Male,227.215.155.218
1586,Lenci,Champneys,lchampneysdh@princeton.edu,Genderqueer,234.38.124.178
1587,Pippy,Scutcheon,pscutcheondi@census.gov,Female,242.74.183.159
1588,Halsy,Canham,hcanhamdj@gravatar.com,Male,216.219.234.234
1589,Zelma,Parchment,zparchmentdk@ft.com,Female,62.230.59.152
1590,Andres,Harnett,aharnettdl@yandex.ru,Male,174.50.88.63
1591,Sandye,Filippello,sfilippellodm@stanford.edu,Female,109.201.132.65
1592,Osbert,Cullerne,ocullernedn@elpais.com,Male,19.100.8.129
1593,Vevay,Davidy,vdavidydo@geocities.jp,Female,171.120.132.173
1594,Bret,Jenicke,bjenickedp@vinaora.com,Male,250.188.233.98
1595,Tremain,Gibbie,tgibbiedq@china.com.cn,Male,12.132.47.132
1596,Hildagard,Barrowclough,hbarrowcloughdr@51.la,Female,56.135.114.216
1597,Lothaire,Snape,lsnapeds@tinypic.com,Male,158.47.250.143
1598,Sydelle,Trimme,strimmedt@paypal.com,Female,238.1.242.208
1599,Denni,Randall,drandalldu@fda.gov,Female,135.180.8.53
1600,Thor,Nussey,tnusseydv@smh.com.au,Male,196.65.18.130
1601,Derril,Ebanks,debanksdw@joomla.org,Male,46.58.35.218
1602,Had,Braunter,hbraunterdx@bravesites.com,Bigender,187.181.14.76
1603,Georges,Dilston,gdilstondy@unesco.org,Male,114.33.122.88
1604,Yard,Tighe,ytighedz@fastcompany.com,Male,174.147.213.249
1605,Worden,Lyst,wlyste0@ustream.tv,Male,24.6.137.221
1606,Maurizia,Willis,mwillise1@independent.co.uk,Female,105.71.158.176
1607,Melisse,Coomber,mcoombere2@technorati.com,Female,34.194.76.138
1608,Claretta,Keddey,ckeddeye3@cam.ac.uk,Female,182.115.56.4
1609,Kale,Melato,kmelatoe4@pagesperso-orange.fr,Male,24.60.244.182
1610,Kattie,Cripin,kcripine5@admin.ch,Female,54.36.208.224
1611,Kally,Bendtsen,kbendtsene6@flickr.com,Female,41.148.14.115
1612,Catriona,Duberry,cduberrye7@accuweather.com,Female,106.199.247.44
1613,Fons,Starbeck,fstarbecke8@hhs.gov,Male,132.237.13.86
1614,Shepherd,Olorenshaw,solorenshawe9@purevolume.com,Male,195.34.107.251
1615,Chas,Ulyat,culyatea@alexa.com,Male,48.32.233.54
1616,Nial,Jagson,njagsoneb@wikispaces.com,Non-binary,30.19.113.73
1617,Korney,De Carolis,kdecarolisec@senate.gov,Female,102.6.42.213
1618,Iain,Batting,ibattinged@angelfire.com,Male,175.18.104.223
1619,Hurleigh,Summerell,hsummerellee@php.net,Male,57.105.72.250
1620,Kipp,Durbridge,kdurbridgeef@networksolutions.com,Male,64.150.204.113
1621,Amitie,Jakubski,ajakubskieg@statcounter.com,Female,67.29.184.161
1622,Lorianna,Mathan,lmathaneh@adobe.com,Genderqueer,151.100.6.207
1623,Rasla,Kinson,rkinsonei@yelp.com,Female,241.244.240.183
1624,Carolee,Hassen,chassenej@usgs.gov,Non-binary,110.9.231.227
1625,Byrom,Solway,bsolwayek@blogspot.com,Male,90.216.66.92
1626,Emmie,Currin,ecurrinel@amazonaws.com,Female,227.7.214.58
1627,Elfie,Tolomio,etolomioem@chicagotribune.com,Genderfluid,111.67.162.252
1628,Merry,Goward,mgowarden@springer.com,Female,154.42.48.44
1629,Margaux,Jensen,mjenseneo@odnoklassniki.ru,Female,42.11.2.244
1630,Matilde,Vesco,mvescoep@fotki.com,Female,168.187.152.59
1631,Trueman,Orta,tortaeq@histats.com,Agender,167.67.130.105
1632,Carolus,Duddan,cduddaner@wired.com,Male,221.176.76.97
1633,Tammi,Lob,tlobes@youtu.be,Female,20.182.35.217
1634,Shermie,Balaam,sbalaamet@hp.com,Male,252.202.21.217
1635,Lorena,Hackett,lhacketteu@360.cn,Female,64.12.152.52
1636,Joellen,Yesenin,jyeseninev@360.cn,Female,146.44.246.61
1637,Othella,Burel,oburelew@sciencedirect.com,Female,166.21.18.188
1638,Jeddy,Francklyn,jfrancklynex@issuu.com,Polygender,199.234.11.247
1639,Dunc,Moakes,dmoakesey@jigsy.com,Male,44.44.28.189
1640,Norbie,Yatman,nyatmanez@woothemes.com,Male,185.240.50.204
1641,Markus,O'Currigan,mocurriganf0@berkeley.edu,Male,54.114.65.10
1642,Sadella,Gozard,sgozardf1@goodreads.com,Female,21.24.35.140
1643,Susette,Wrathall,swrathallf2@abc.net.au,Female,120.144.51.36
1644,Everett,Sautter,esautterf3@diigo.com,Polygender,234.64.226.179
1645,Jasmina,Brampton,jbramptonf4@theglobeandmail.com,Female,26.66.238.236
1646,Marius,Battersby,mbattersbyf5@barnesandnoble.com,Polygender,99.254.106.250
1647,Neddy,Littrik,nlittrikf6@bigcartel.com,Male,238.208.207.113
1648,Emmalyn,Sea,eseaf7@amazon.co.uk,Female,159.254.74.239
1649,Giustino,Deards,gdeardsf8@addtoany.com,Male,47.219.187.85
1650,Lorant,Dingate,ldingatef9@soundcloud.com,Male,40.19.136.23
1651,Currie,Wyrall,cwyrallfa@ycombinator.com,Male,178.91.3.38
1652,Kristan,Pady,kpadyfb@ocn.ne.jp,Female,235.158.194.183
1653,Edan,Minchi,eminchifc@pbs.org,Male,38.13.36.78
1654,Teriann,Beldan,tbeldanfd@stanford.edu,Female,22.10.166.98
1655,Reggie,Kernoghan,rkernoghanfe@photobucket.com,Male,226.54.39.114
1656,Stanton,Newlin,snewlinff@latimes.com,Male,105.137.56.98
1657,Lavena,Swyn,lswynfg@networksolutions.com,Female,135.33.94.11
1658,Nicola,MacIntosh,nmacintoshfh@marketwatch.com,Female,151.132.222.62
1659,Elwood,Coils,ecoilsfi@plala.or.jp,Male,96.17.67.38
1660,Mohandas,Taggett,mtaggettfj@bluehost.com,Male,39.110.252.94
1661,Ab,Hatherley,ahatherleyfk@rediff.com,Male,159.124.244.130
1662,Steffi,Seakin,sseakinfl@miibeian.gov.cn,Female,97.141.172.248
1663,Vilma,Petras,vpetrasfm@joomla.org,Female,29.165.67.43
1664,Ilyse,Mac Giany,imacgianyfn@example.com,Female,133.47.200.221
1665,Rainer,Swinerd,rswinerdfo@google.pl,Male,238.54.41.203
1666,Terence,Bicheno,tbichenofp@studiopress.com,Genderqueer,114.107.112.75
1667,Micah,Butland,mbutlandfq@drupal.org,Male,139.60.100.189
1668,Cleveland,Medd,cmeddfr@ustream.tv,Male,235.63.69.180
1669,Kari,McGookin,kmcgookinfs@va.gov,Female,200.108.51.225
1670,Stephenie,Mayow,smayowft@yandex.ru,Female,42.75.86.56
1671,Deloria,Casillas,dcasillasfu@jimdo.com,Female,84.13.176.62
1672,Mitch,Bessent,mbessentfv@irs.gov,Male,150.12.59.124
1673,Cooper,Rumsby,crumsbyfw@mozilla.com,Male,161.115.134.189
1674,Carlynn,Sarson,csarsonfx@nationalgeographic.com,Female,55.70.157.136
1675,Dorotea,Shepcutt,dshepcuttfy@economist.com,Female,134.93.153.157
1676,Ileane,Melland,imellandfz@altervista.org,Female,123.198.214.234
1677,Wood,Jeffels,wjeffelsg0@wiley.com,Male,72.162.111.163
1678,Tammie,Tivnan,ttivnang1@printfriendly.com,Female,66.159.169.119
1679,Raina,Kinane,rkinaneg2@amazon.co.jp,Female,215.178.30.223
1680,Sidonia,Curwood,scurwoodg3@illinois.edu,Female,240.10.33.164
1681,Lenee,Hendrichs,lhendrichsg4@nationalgeographic.com,Female,213.219.183.182
1682,Helen,Fayerbrother,hfayerbrotherg5@tmall.com,Female,210.225.121.153
1683,Barbra,Hobell,bhobellg6@bbc.co.uk,Female,114.165.80.140
1684,Ewell,Eberz,eeberzg7@mozilla.com,Male,221.66.6.225
1685,Arvie,Treece,atreeceg8@wired.com,Male,133.54.24.25
1686,Minny,Whitcomb,mwhitcombg9@elegantthemes.com,Female,227.131.168.255
1687,Warren,Filisov,wfilisovga@paypal.com,Male,104.58.175.73
1688,Batholomew,Pendlebery,bpendleberygb@t-online.de,Male,16.40.124.212
1689,Juliana,Merrall,jmerrallgc@sciencedirect.com,Female,155.85.232.201
1690,Stepha,MacCulloch,smaccullochgd@i2i.jp,Female,140.33.208.183
1691,Stepha,Aleevy,saleevyge@wordpress.org,Female,205.16.183.95
1692,Carrol,Loiterton,cloitertongf@github.io,Male,203.97.92.158
1693,Jewelle,Titterton,jtittertongg@odnoklassniki.ru,Female,27.65.191.226
1694,Ignacio,Wegman,iwegmangh@senate.gov,Male,0.218.92.158
1695,Ibby,Haggus,ihaggusgi@qq.com,Female,51.253.122.172
1696,Rollin,Wimpress,rwimpressgj@bbc.co.uk,Male,219.54.216.226
1697,Brunhilde,Beinisch,bbeinischgk@mapy.cz,Female,112.238.17.140
1698,Martin,Evered,meveredgl@photobucket.com,Male,213.25.233.97
1699,Norman,Matzkaitis,nmatzkaitisgm@rambler.ru,Male,236.193.158.209
1700,Ewart,Cakebread,ecakebreadgn@reference.com,Male,240.152.179.92
1701,Frankie,Handover,fhandovergo@chronoengine.com,Male,182.87.118.8
1702,Niven,Semrad,nsemradgp@un.org,Male,5.215.165.95
1703,Arne,Chippindall,achippindallgq@is.gd,Male,25.28.221.245
1704,Cynthy,Bernini,cberninigr@mac.com,Female,222.209.140.34
1705,Towny,Gales,tgalesgs@imageshack.us,Male,152.109.233.1
1706,Maude,Palfreyman,mpalfreymangt@livejournal.com,Female,111.33.60.116
1707,Brittany,Coneau,bconeaugu@hc360.com,Non-binary,66.228.171.117
1708,Cally,Giacobo,cgiacobogv@ameblo.jp,Female,136.148.17.92
1709,Corey,Kinsella,ckinsellagw@go.com,Male,226.20.38.202
1710,Maryl,Gravy,mgravygx@over-blog.com,Female,162.235.123.80
1711,Tansy,Gerrard,tgerrardgy@hubpages.com,Female,189.132.210.7
1712,Nadia,Jacobi,njacobigz@economist.com,Genderfluid,48.209.160.199
1713,Leilah,Hattoe,lhattoeh0@e-recht24.de,Female,77.8.244.135
1714,Gerik,Beckingham,gbeckinghamh1@nhs.uk,Male,148.196.222.203
1715,Meridel,Lorence,mlorenceh2@archive.org,Agender,81.161.209.170
1716,Hersch,Forsdicke,hforsdickeh3@omniture.com,Male,99.210.60.155
1717,Cara,Fessler,cfesslerh4@meetup.com,Female,38.198.140.22
1718,Lizabeth,Dengate,ldengateh5@studiopress.com,Female,122.44.19.140
1719,Filmore,Breacher,fbreacherh6@w3.org,Male,74.9.119.78
1720,Marylin,Zammett,mzammetth7@tinypic.com,Female,230.199.144.217
1721,Francois,Mole,fmoleh8@is.gd,Male,173.108.176.171
1722,Ted,Rosellini,trosellinih9@msu.edu,Male,176.167.106.190
1723,Isadore,Lauder,ilauderha@nasa.gov,Male,214.49.208.170
1724,Paolo,Allday,palldayhb@diigo.com,Male,33.8.251.210
1725,Elka,Boden,ebodenhc@wordpress.org,Female,223.4.163.59
1726,Cissiee,Vasilyev,cvasilyevhd@aboutads.info,Female,140.178.116.150
1727,Sharleen,Kenealy,skenealyhe@feedburner.com,Female,147.48.229.71
1728,Marie-ann,Lapthorn,mlapthornhf@census.gov,Female,118.223.168.245
1729,Enrique,Maytum,emaytumhg@miitbeian.gov.cn,Male,198.78.104.59
1730,Cairistiona,Merington,cmeringtonhh@google.de,Female,2.103.145.133
1731,Griffy,Drayton,gdraytonhi@oakley.com,Male,179.118.217.1
1732,Rurik,Foucher,rfoucherhj@springer.com,Male,188.99.123.252
1733,Natassia,Hanford,nhanfordhk@cbslocal.com,Female,80.26.122.21
1734,Killian,Webb-Bowen,kwebbbowenhl@technorati.com,Male,55.43.146.47
1735,Louie,McKendry,lmckendryhm@liveinternet.ru,Male,30.250.30.83
1736,Jard,Morphew,jmorphewhn@google.it,Genderqueer,230.55.168.88
1737,Lilah,Paulich,lpaulichho@github.com,Agender,22.129.46.81
1738,Livvyy,Lelande,llelandehp@constantcontact.com,Female,229.252.37.156
1739,Dosi,Asker,daskerhq@businessinsider.com,Female,216.161.196.104
1740,Maia,Brader,mbraderhr@telegraph.co.uk,Female,38.77.198.0
1741,Alikee,Jurgenson,ajurgensonhs@nyu.edu,Female,73.30.49.247
1742,Cleo,Sommerville,csommervilleht@delicious.com,Female,206.135.137.83
1743,Mateo,Merwede,mmerwedehu@about.me,Male,77.204.165.17
1744,Morgen,Pays,mpayshv@washingtonpost.com,Female,184.252.113.159
1745,Sanders,Jagels,sjagelshw@yellowbook.com,Male,41.123.69.183
1746,Dallas,Stouther,dstoutherhx@mtv.com,Female,249.94.39.123
1747,Julee,Chesnut,jchesnuthy@yahoo.co.jp,Female,186.182.23.167
1748,Murdoch,Moorman,mmoormanhz@ycombinator.com,Male,53.184.95.170
1749,Rafaelia,Duffil,rduffili0@biglobe.ne.jp,Female,1.17.62.132
1750,Cindra,Chippindall,cchippindalli1@amazon.co.uk,Female,175.31.181.70
1751,Garrard,Cromly,gcromlyi2@wordpress.org,Male,146.153.95.181
1752,Vincents,Lathom,vlathomi3@redcross.org,Male,118.102.105.33
1753,Zarah,Girardez,zgirardezi4@time.com,Female,248.192.205.34
1754,Rosie,Hibling,rhiblingi5@netlog.com,Female,140.144.236.222
1755,Jandy,Ferrarini,jferrarinii6@umich.edu,Female,84.92.201.58
1756,Brnaby,Huson,bhusoni7@jimdo.com,Male,25.195.227.222
1757,Vincent,Dancer,vdanceri8@ihg.com,Male,133.154.89.214
1758,Abbye,Abbett,aabbetti9@yahoo.com,Female,222.25.1.156
1759,Beatrice,Wagen,bwagenia@list-manage.com,Female,4.102.45.36
1760,Clyve,Vankeev,cvankeevib@howstuffworks.com,Male,39.21.175.90
1761,Katy,Haville,khavilleic@oaic.gov.au,Female,226.168.62.102
1762,Nancy,Cloutt,nclouttid@google.de,Genderfluid,14.37.150.180
1763,Artus,Wormald,awormaldie@blogspot.com,Male,242.181.129.130
1764,Trula,Malby,tmalbyif@fc2.com,Female,75.34.168.223
1765,Gay,Tomsa,gtomsaig@newsvine.com,Female,83.56.152.107
1766,Ade,Morcomb,amorcombih@rakuten.co.jp,Male,183.225.40.200
1767,Angelika,Adamowicz,aadamowiczii@wix.com,Polygender,12.242.169.65
1768,Lorne,Stratton,lstrattonij@discovery.com,Male,52.219.161.233
1769,Barrie,Collens,bcollensik@tamu.edu,Female,142.246.148.38
1770,Zorine,Trayling,ztraylingil@wikispaces.com,Female,70.94.23.35
1771,Zach,Luxmoore,zluxmooreim@bluehost.com,Male,128.177.34.46
1772,Fairfax,Batt,fbattin@economist.com,Bigender,79.20.76.20
1773,Courtney,Boyton,cboytonio@infoseek.co.jp,Female,177.21.60.245
1774,Kalinda,Twigge,ktwiggeip@ucoz.com,Polygender,45.37.156.219
1775,Linda,Ciobotaro,lciobotaroiq@studiopress.com,Female,255.53.149.55
1776,Merrilee,Audas,maudasir@spiegel.de,Female,150.114.28.235
1777,Jerrome,Strangeway,jstrangewayis@msn.com,Male,166.45.59.99
1778,Bea,Ashford,bashfordit@twitter.com,Female,181.119.33.222
1779,Roderich,Hayball,rhayballiu@examiner.com,Male,122.185.211.170
1780,Emilie,Cowe,ecoweiv@typepad.com,Female,173.66.216.129
1781,Jayme,Pattullo,jpattulloiw@hao123.com,Male,246.42.74.200
1782,Agnola,Buckeridge,abuckeridgeix@arstechnica.com,Female,251.195.44.70
1783,Shelia,Borkett,sborkettiy@livejournal.com,Female,221.36.252.17
1784,Wainwright,De La Coste,wdelacosteiz@cyberchimps.com,Male,249.116.131.252
1785,Edi,Neely,eneelyj0@goo.ne.jp,Female,13.133.249.190
1786,Cathe,Killiam,ckilliamj1@domainmarket.com,Genderqueer,200.77.43.88
1787,Rorie,McGlone,rmcglonej2@whitehouse.gov,Female,32.131.63.102
1788,Sibeal,Ishak,sishakj3@quantcast.com,Female,247.16.151.244
1789,Loreen,Bellsham,lbellshamj4@elpais.com,Female,122.225.181.117
1790,Guglielma,Andrei,gandreij5@illinois.edu,Non-binary,95.179.25.69
1791,Tore,Cutbirth,tcutbirthj6@vinaora.com,Male,96.14.250.58
1792,Berky,Blodget,bblodgetj7@indiatimes.com,Bigender,28.237.89.19
1793,Phoebe,Massot,pmassotj8@cisco.com,Female,4.140.119.23
1794,Rochester,Sodeau,rsodeauj9@163.com,Male,149.62.58.87
1795,Georgetta,Ghiriardelli,gghiriardellija@etsy.com,Female,35.73.0.93
1796,Starlin,Bogges,sboggesjb@feedburner.com,Female,152.20.146.16
1797,Ddene,Bratch,dbratchjc@goo.gl,Female,12.57.96.3
1798,Prent,Clericoates,pclericoatesjd@patch.com,Male,86.57.57.81
1799,Lorelle,Meddings,lmeddingsje@cam.ac.uk,Female,90.19.124.238
1800,Mandel,Andriesse,mandriessejf@economist.com,Polygender,56.53.143.13
1801,Lira,Estcot,lestcotjg@gov.uk,Female,41.73.118.58
1802,Johannah,Fenty,jfentyjh@symantec.com,Female,47.170.214.143
1803,Estelle,Lindop,elindopji@bing.com,Female,151.149.179.253
1804,Adora,Forsdyke,aforsdykejj@bluehost.com,Female,195.255.222.119
1805,Odessa,enzley,oenzleyjk@kickstarter.com,Female,224.31.186.232
1806,Ray,Boagey,rboageyjl@phpbb.com,Female,123.251.91.85
1807,Caesar,Grishmanov,cgrishmanovjm@trellian.com,Male,135.196.56.239
1808,Florian,MacPeake,fmacpeakejn@gnu.org,Male,113.74.156.165
1809,Phillip,Robertsson,probertssonjo@microsoft.com,Male,221.203.80.93
1810,Merry,Roselli,mrosellijp@yahoo.co.jp,Female,199.192.239.159
1811,Nomi,Gilyott,ngilyottjq@mac.com,Female,114.166.169.152
1812,Zelda,Hannaway,zhannawayjr@fc2.com,Female,140.90.121.94
1813,Sutherlan,Dyte,sdytejs@ameblo.jp,Male,101.116.19.18
1814,Celestina,Haliburton,chaliburtonjt@simplemachines.org,Female,194.9.197.207
1815,Caro,Werny,cwernyju@netvibes.com,Female,128.41.112.23
1816,Benny,Hackforth,bhackforthjv@aol.com,Female,111.41.19.193
1817,Kimbell,Ert,kertjw@paginegialle.it,Male,151.152.28.251
1818,Karlie,Kearn,kkearnjx@digg.com,Female,74.234.70.213
1819,Mame,Exeter,mexeterjy@ebay.co.uk,Female,13.152.179.133
1820,Joli,Chritchlow,jchritchlowjz@theglobeandmail.com,Polygender,71.114.185.188
1821,Jude,Haxell,jhaxellk0@youku.com,Male,127.190.241.8
1822,Ludwig,Wackett,lwackettk1@hc360.com,Male,224.200.188.104
1823,Tamas,Popescu,tpopescuk2@ehow.com,Bigender,35.244.221.192
1824,Vaughn,O'Geaney,vogeaneyk3@pen.io,Male,176.154.155.175
1825,Normie,Dunphy,ndunphyk4@exblog.jp,Male,106.120.150.70
1826,Lorinda,Voyce,lvoycek5@mac.com,Female,58.185.209.13
1827,Megan,Noades,mnoadesk6@furl.net,Female,221.145.87.47
1828,Josias,Cram,jcramk7@woothemes.com,Male,157.139.51.250
1829,Keeley,Gratten,kgrattenk8@ftc.gov,Female,138.92.252.93
1830,Lizzy,Crowley,lcrowleyk9@reuters.com,Female,156.49.142.206
1831,Lincoln,Brockley,lbrockleyka@skyrock.com,Male,4.115.74.198
1832,Raffaello,Milington,rmilingtonkb@edublogs.org,Non-binary,6.32.107.131
1833,Graeme,Danhel,gdanhelkc@infoseek.co.jp,Male,19.246.185.96
1834,Booth,Rounsivall,brounsivallkd@opensource.org,Male,78.178.29.207
1835,Roch,Mutton,rmuttonke@baidu.com,Female,173.10.154.193
1836,Joelly,Bleby,jblebykf@alibaba.com,Female,134.116.183.106
1837,Mordy,Lillow,mlillowkg@reuters.com,Male,230.96.114.76
1838,Johanna,Booth,jboothkh@squidoo.com,Female,131.80.178.155
1839,Evania,McGillacoell,emcgillacoellki@sourceforge.net,Female,167.26.41.216
1840,Merlina,Jiracek,mjiracekkj@ask.com,Female,72.104.186.234
1841,Blaine,Doddemeede,bdoddemeedekk@jigsy.com,Male,127.54.158.188
1842,Mallorie,Swannell,mswannellkl@noaa.gov,Female,187.123.166.101
1843,Dalila,Kirkwood,dkirkwoodkm@a8.net,Female,15.131.199.64
1844,Minni,Einchcombe,meinchcombekn@angelfire.com,Female,114.30.210.156
1845,Ber,Worthing,bworthingko@homestead.com,Male,49.248.83.124
1846,Darbee,Abells,dabellskp@tripadvisor.com,Male,125.180.135.83
1847,Herold,Casetti,hcasettikq@moonfruit.com,Non-binary,245.109.69.215
1848,Jonell,Firidolfi,jfiridolfikr@blog.com,Female,250.184.122.162
1849,Wang,Milhench,wmilhenchks@admin.ch,Male,241.147.68.201
1850,Tymon,O'Spellissey,tospellisseykt@webeden.co.uk,Bigender,184.32.239.251
1851,Olin,Yashin,oyashinku@topsy.com,Male,63.158.168.99
1852,Merridie,MacNally,mmacnallykv@domainmarket.com,Female,162.31.31.154
1853,Hedi,Idenden,hidendenkw@creativecommons.org,Female,211.137.124.90
1854,Veronike,Dugget,vduggetkx@tumblr.com,Female,88.218.49.116
1855,Montgomery,Quinton,mquintonky@nasa.gov,Male,92.224.213.23
1856,Jae,McAloren,jmcalorenkz@spotify.com,Male,14.14.134.169
1857,Marcello,McKeevers,mmckeeversl0@stumbleupon.com,Male,80.131.23.114
1858,Corinne,Hoult,choultl1@nyu.edu,Female,231.32.92.6
1859,Ange,Osbidston,aosbidstonl2@surveymonkey.com,Female,213.57.51.83
1860,Aile,Guiet,aguietl3@ucoz.com,Female,169.67.145.176
1861,Gordan,Gabitis,ggabitisl4@accuweather.com,Male,159.111.166.203
1862,Renard,Gunther,rguntherl5@webmd.com,Polygender,89.97.204.158
1863,Tabitha,Le Fevre,tlefevrel6@nps.gov,Female,148.230.55.226
1864,Lionel,Itscowics,litscowicsl7@yellowpages.com,Polygender,197.8.80.21
1865,Farly,Georgeon,fgeorgeonl8@a8.net,Male,30.150.158.68
1866,Rodolfo,Punter,rpunterl9@cisco.com,Male,108.237.200.28
1867,Janelle,Souter,jsouterla@flavors.me,Female,13.8.56.226
1868,Aldin,Rosenhaus,arosenhauslb@meetup.com,Male,190.12.250.52
1869,Nancy,Blaker,nblakerlc@delicious.com,Female,48.146.228.103
1870,Frances,Parlett,fparlettld@chron.com,Female,164.204.206.234
1871,Juditha,Headings,jheadingsle@army.mil,Female,209.85.198.114
1872,Eda,Cormack,ecormacklf@sourceforge.net,Female,208.17.253.200
1873,Norrie,Abthorpe,nabthorpelg@4shared.com,Male,71.42.154.87
1874,Solly,Dyos,sdyoslh@globo.com,Male,108.244.20.32
1875,Gill,Prendergrast,gprendergrastli@narod.ru,Male,73.8.188.142
1876,Carmelina,Shubotham,cshubothamlj@ocn.ne.jp,Female,106.223.73.133
1877,Carma,Najara,cnajaralk@virginia.edu,Female,201.19.193.75
1878,Travus,Braime,tbraimell@scientificamerican.com,Male,225.8.252.52
1879,Herbert,Winterbottom,hwinterbottomlm@usda.gov,Male,112.129.21.132
1880,Rudyard,Sparks,rsparksln@icq.com,Male,30.208.111.231
1881,Constantia,Maudlen,cmaudlenlo@cdc.gov,Female,56.240.89.197
1882,Bay,Seiler,bseilerlp@cam.ac.uk,Male,57.77.179.180
1883,Felicdad,Ivimy,fivimylq@naver.com,Agender,216.161.228.42
1884,Hugo,Wadeling,hwadelinglr@paypal.com,Male,252.51.145.82
1885,Durward,Punyer,dpunyerls@hhs.gov,Male,45.51.36.205
1886,Linea,Rupke,lrupkelt@economist.com,Non-binary,11.126.139.69
1887,Jany,Louden,jloudenlu@hp.com,Female,15.84.129.11
1888,Prent,Stanlike,pstanlikelv@businessinsider.com,Male,227.228.187.32
1889,Elaina,Grafham,egrafhamlw@abc.net.au,Female,42.34.230.82
1890,Harlan,Camelin,hcamelinlx@zdnet.com,Male,112.193.50.76
1891,Alick,Plett,aplettly@sogou.com,Male,40.98.163.32
1892,Anjela,Haugh,ahaughlz@usatoday.com,Female,242.4.251.42
1893,Sibby,Billison,sbillisonm0@hud.gov,Agender,141.195.76.83
1894,Georgina,Paik,gpaikm1@latimes.com,Female,43.159.18.245
1895,Astrix,Bradnick,abradnickm2@google.co.jp,Female,212.190.232.118
1896,Kevon,Jobes,kjobesm3@goodreads.com,Male,93.127.33.47
1897,Malena,Portchmouth,mportchmouthm4@elpais.com,Female,154.78.189.35
1898,Obidiah,Tetley,otetleym5@intel.com,Male,156.3.44.69
1899,Lanie,M'Quhan,lmquhanm6@whitehouse.gov,Non-binary,60.76.125.123
1900,Terza,Gerritzen,tgerritzenm7@un.org,Female,161.80.241.3
1901,Lenore,Cluff,lcluffm8@go.com,Female,131.127.72.75
1902,Mike,Purches,mpurchesm9@pcworld.com,Male,45.214.245.115
1903,Edwin,Mitskevich,emitskevichma@dropbox.com,Male,143.25.32.230
1904,Kellen,Dawnay,kdawnaymb@tinyurl.com,Bigender,4.33.153.31
1905,Win,Gateley,wgateleymc@blinklist.com,Male,208.67.173.153
1906,Meade,Cawthery,mcawtherymd@cam.ac.uk,Female,29.76.175.127
1907,Gregory,Rue,grueme@etsy.com,Male,57.48.101.134
1908,Felicia,Ben,fbenmf@gravatar.com,Female,67.105.73.108
1909,Alicia,Monkton,amonktonmg@topsy.com,Female,219.60.68.78
1910,Malinda,Noel,mnoelmh@harvard.edu,Female,51.119.173.11
1911,Annalee,Crevy,acrevymi@soup.io,Female,18.119.117.220
1912,Judye,Beck,jbeckmj@youtube.com,Female,240.206.57.121
1913,Xerxes,Jordeson,xjordesonmk@columbia.edu,Male,180.116.80.151
1914,Nicki,Camili,ncamiliml@1und1.de,Female,201.223.42.245
1915,Lorenzo,Stienton,lstientonmm@homestead.com,Male,108.87.23.143
1916,Adolpho,Graundisson,agraundissonmn@t.co,Male,244.110.99.167
1917,Claudetta,Fasler,cfaslermo@hc360.com,Female,197.249.19.195
1918,Elinore,Haggas,ehaggasmp@uol.com.br,Female,9.119.210.43
1919,Cozmo,Syrie,csyriemq@reference.com,Male,196.71.239.176
1920,Northrop,Imason,nimasonmr@kickstarter.com,Male,196.111.197.192
1921,Andrey,Chong,achongms@wisc.edu,Male,193.31.134.238
1922,Raymund,Meugens,rmeugensmt@answers.com,Male,212.223.56.71
1923,Gertruda,Menauteau,gmenauteaumu@vistaprint.com,Female,120.190.184.36
1924,Gaylene,Biglin,gbiglinmv@toplist.cz,Female,178.132.57.64
1925,Hamish,Fipp,hfippmw@europa.eu,Male,224.204.100.77
1926,Raleigh,Medforth,rmedforthmx@last.fm,Male,212.87.88.39
1927,Donica,Kumaar,dkumaarmy@pbs.org,Female,118.138.15.254
1928,Osbert,Liger,oligermz@bluehost.com,Male,80.15.128.236
1929,Alexandro,Tatam,atatamn0@opensource.org,Male,143.189.199.26
1930,Dimitry,Kuschel,dkuscheln1@shinystat.com,Male,133.245.138.48
1931,Carmine,Gotcliff,cgotcliffn2@newyorker.com,Bigender,140.148.2.210
1932,Hubie,Lynde,hlynden3@archive.org,Male,185.53.110.161
1933,Rick,Melsome,rmelsomen4@oaic.gov.au,Male,246.40.180.59
1934,Natalya,Oakton,noaktonn5@si.edu,Female,76.181.50.223
1935,Cesare,Ashbridge,cashbridgen6@123-reg.co.uk,Male,173.180.68.245
1936,Asa,Leathe,aleathen7@ebay.com,Male,60.176.107.33
1937,Crosby,Limpenny,climpennyn8@nifty.com,Male,175.22.240.127
1938,Hanan,Chadbourne,hchadbournen9@linkedin.com,Male,134.104.56.136
1939,Jobina,Colliar,jcolliarna@miibeian.gov.cn,Female,85.71.71.236
1940,Trula,Davies,tdaviesnb@apache.org,Female,94.227.104.33
1941,Neile,Maren,nmarennc@g.co,Female,1.167.229.231
1942,Berti,Bartholat,bbartholatnd@unesco.org,Bigender,130.195.239.246
1943,Sonya,McRill,smcrillne@is.gd,Female,8.47.231.68
1944,Melamie,Keble,mkeblenf@squidoo.com,Non-binary,64.46.22.75
1945,Sigvard,Rignold,srignoldng@blogs.com,Male,210.90.207.103
1946,Robina,Martinovsky,rmartinovskynh@nbcnews.com,Female,251.166.76.190
1947,Rice,Scrine,rscrineni@cmu.edu,Male,209.141.247.157
1948,Pavlov,Barajaz,pbarajaznj@examiner.com,Genderqueer,178.141.214.20
1949,Lotti,Weddup,lweddupnk@dailymail.co.uk,Genderqueer,225.45.228.195
1950,Georgia,McCoy,gmccoynl@webs.com,Female,42.33.164.188
1951,Egor,Gulston,egulstonnm@ow.ly,Male,14.62.0.101
1952,Horacio,Muzzi,hmuzzinn@smh.com.au,Male,55.152.142.19
1953,Trefor,Dutteridge,tdutteridgeno@thetimes.co.uk,Male,31.18.49.60
1954,Arny,Massenhove,amassenhovenp@sfgate.com,Non-binary,193.93.79.29
1955,Laurence,Capelle,lcapellenq@devhub.com,Male,209.177.41.8
1956,Mel,Longmaid,mlongmaidnr@desdev.cn,Female,212.170.77.135
1957,Rhianna,Cutmere,rcutmerens@taobao.com,Female,171.242.68.4
1958,Bernete,Blackmore,bblackmorent@arstechnica.com,Female,228.87.110.48
1959,Sileas,Marryatt,smarryattnu@netscape.com,Female,159.167.75.147
1960,Thorvald,Nuscha,tnuschanv@taobao.com,Male,139.111.131.109
1961,Dorita,McIlvenny,dmcilvennynw@theguardian.com,Female,129.216.56.235
1962,Etta,Hardman,ehardmannx@ask.com,Female,194.75.76.10
1963,Tanney,Keeler,tkeelerny@i2i.jp,Male,4.182.97.70
1964,Monroe,Sueter,msueternz@howstuffworks.com,Male,123.216.2.131
1965,Gerome,Filewood,gfilewoodo0@dropbox.com,Male,53.47.62.4
1966,Joye,Meritt,jmeritto1@ebay.com,Female,47.194.121.6
1967,Weylin,Trusty,wtrustyo2@webmd.com,Agender,91.178.156.8
1968,Gerrard,Pauli,gpaulio3@pinterest.com,Male,247.115.195.239
1969,Isidora,Headingham,iheadinghamo4@weibo.com,Female,27.169.235.97
1970,Emanuele,Boobier,eboobiero5@unc.edu,Male,50.35.22.122
1971,Burk,Kibbe,bkibbeo6@livejournal.com,Male,38.181.158.247
1972,Isaiah,Varfolomeev,ivarfolomeevo7@bing.com,Male,233.187.219.54
1973,Stan,Rycroft,srycrofto8@over-blog.com,Male,87.20.120.187
1974,Worthy,Lerer,wlerero9@shinystat.com,Male,14.90.95.90
1975,Jemima,Jolland,jjollandoa@mapy.cz,Female,84.161.175.203
1976,Lawrence,Offa,loffaob@statcounter.com,Male,16.55.139.158
1977,Janice,Skoof,jskoofoc@chicagotribune.com,Female,136.217.213.255
1978,Kellina,Simester,ksimesterod@indiatimes.com,Female,15.8.160.246
1979,Arnoldo,Marrable,amarrableoe@economist.com,Male,187.159.207.241
1980,Maddalena,Daly,mdalyof@earthlink.net,Female,22.180.241.28
1981,Corina,Tolossi,ctolossiog@businessinsider.com,Female,169.46.212.123
1982,Alric,Scoates,ascoatesoh@canalblog.com,Male,78.175.208.137
1983,Allys,Bastiman,abastimanoi@nba.com,Female,38.226.46.27
1984,Filbert,Paladino,fpaladinooj@foxnews.com,Male,140.46.109.32
1985,Billy,Bleas,bbleasok@webs.com,Male,134.245.44.15
1986,Kerby,Moyler,kmoylerol@wikia.com,Male,97.93.108.234
1987,Tades,Borrowman,tborrowmanom@jalbum.net,Male,93.22.19.186
1988,Cirstoforo,Robertz,crobertzon@home.pl,Non-binary,12.125.143.177
1989,Avery,Kempson,akempsonoo@histats.com,Male,146.13.10.212
1990,Timmy,Strahan,tstrahanop@list-manage.com,Female,1.86.27.223
1991,Chantalle,Virgo,cvirgooq@sciencedaily.com,Female,212.90.24.205
1992,Meghann,Palser,mpalseror@blogger.com,Female,136.37.72.242
1993,Juliette,Hacard,jhacardos@about.com,Female,231.112.77.175
1994,Lillian,Bennellick,lbennellickot@booking.com,Female,237.122.44.177
1995,Harriott,Gasquoine,hgasquoineou@gravatar.com,Female,184.228.66.189
1996,Isabeau,Yoskowitz,iyoskowitzov@csmonitor.com,Female,159.145.120.19
1997,Ian,Hixley,ihixleyow@hostgator.com,Non-binary,114.191.92.107
1998,Silvio,Sperry,ssperryox@123-reg.co.uk,Male,141.223.81.70
1999,Christoph,Dagwell,cdagwelloy@adobe.com,Male,59.232.51.214
2000,Alano,Faill,afailloz@parallels.com,Male,85.98.74.254
2001,Roderic,Suggate,rsuggatep0@ca.gov,Male,163.112.80.38
2002,Egbert,Friday,efridayp1@yahoo.com,Male,115.127.13.59
2003,Mannie,Layhe,mlayhep2@alexa.com,Male,119.85.188.23
2004,Ivory,Kett,ikettp3@sciencedirect.com,Female,94.60.186.242
2005,Manuel,McSharry,mmcsharryp4@timesonline.co.uk,Male,153.192.163.206
2006,Marion,Mc Giffin,mmcgiffinp5@npr.org,Female,75.22.189.124
2007,Ede,Martinez,emartinezp6@technorati.com,Female,203.157.60.41
2008,Boone,Meredith,bmeredithp7@eventbrite.com,Polygender,158.104.54.129
2009,Luella,Priestland,lpriestlandp8@statcounter.com,Polygender,114.125.45.77
2010,Carmela,Graddell,cgraddellp9@ft.com,Female,136.147.29.199
2011,Evangelia,Yewdell,eyewdellpa@imdb.com,Bigender,41.127.164.160
2012,Bengt,Pridden,bpriddenpb@shutterfly.com,Male,153.46.18.169
2013,Inessa,Klimochkin,iklimochkinpc@moonfruit.com,Female,191.121.215.56
2014,Val,Valance,vvalancepd@usgs.gov,Male,73.255.229.109
2015,Petronia,Ciccarello,pciccarellope@google.com.hk,Female,62.212.178.218
2016,Alfreda,Briatt,abriattpf@domainmarket.com,Female,1.227.205.182
2017,Kenneth,Fisbey,kfisbeypg@nsw.gov.au,Non-binary,245.13.169.42
2018,Steve,Bohills,sbohillsph@disqus.com,Male,15.253.38.128
2019,Lyle,Stoodley,lstoodleypi@uiuc.edu,Genderfluid,238.49.33.185
2020,Serge,Caccavella,scaccavellapj@amazon.de,Male,209.11.55.167
2021,Griffy,Pink,gpinkpk@phoca.cz,Male,121.90.24.164
2022,Mozes,Guerner,mguernerpl@desdev.cn,Male,216.56.51.49
2023,Darbie,Stennine,dstenninepm@vk.com,Agender,118.108.73.120
2024,Sonia,Kidner,skidnerpn@census.gov,Genderqueer,193.57.162.62
2025,Thorpe,Swayton,tswaytonpo@livejournal.com,Male,59.108.81.146
2026,Caprice,Dumbare,cdumbarepp@apache.org,Female,52.210.133.252
2027,Kynthia,Gyles,kgylespq@gizmodo.com,Agender,163.91.193.41
2028,Johann,Tincey,jtinceypr@dell.com,Male,230.193.59.235
2029,Carissa,Dictus,cdictusps@usnews.com,Female,196.252.206.90
2030,Web,Gillingwater,wgillingwaterpt@wikimedia.org,Male,211.77.193.121
2031,Marlin,Izon,mizonpu@simplemachines.org,Male,215.225.72.9
2032,Billye,Kilbourn,bkilbournpv@themeforest.net,Female,7.122.151.233
2033,Ted,Pratty,tprattypw@patch.com,Male,82.55.162.74
2034,Alanson,Wateridge,awateridgepx@prlog.org,Male,191.34.175.96
2035,Bernardine,Whalebelly,bwhalebellypy@google.co.uk,Female,230.187.254.48
2036,Louie,Naptin,lnaptinpz@slashdot.org,Male,231.60.251.14
2037,Erv,Tilbey,etilbeyq0@skype.com,Non-binary,5.90.169.252
2038,Nina,Feake,nfeakeq1@patch.com,Female,47.145.186.234
2039,Quentin,Tolson,qtolsonq2@geocities.jp,Male,161.145.186.139
2040,Averil,Durrant,adurrantq3@google.fr,Male,190.26.138.67
2041,Saxon,Please,spleaseq4@hatena.ne.jp,Male,224.95.99.116
2042,Parnell,Mehmet,pmehmetq5@wix.com,Genderqueer,57.247.234.194
2043,Johannes,Eidler,jeidlerq6@cisco.com,Male,28.68.127.206
2044,Osbourn,Beverage,obeverageq7@bandcamp.com,Male,229.234.242.238
2045,Bibi,Bennis,bbennisq8@google.es,Female,6.114.170.160
2046,Leanna,Warlowe,lwarloweq9@fda.gov,Female,232.124.3.24
2047,Carmella,Rysom,crysomqa@smh.com.au,Female,204.5.150.109
2048,Ber,Scripps,bscrippsqb@ox.ac.uk,Male,105.234.114.20
2049,Enrique,Grundy,egrundyqc@fda.gov,Male,60.0.41.147
2050,Julee,Shepheard,jshepheardqd@xinhuanet.com,Female,184.195.179.57
2051,Nelly,Tuxsell,ntuxsellqe@dropbox.com,Female,113.28.245.26
2052,Dall,Iacovucci,diacovucciqf@jalbum.net,Male,61.79.112.29
2053,Horacio,Lerwill,hlerwillqg@intel.com,Male,211.36.46.198
2054,Leeanne,McTavy,lmctavyqh@apple.com,Female,216.62.9.54
2055,Matthus,Kears,mkearsqi@cbsnews.com,Male,229.122.98.6
2056,Lorraine,Winkett,lwinkettqj@msn.com,Female,249.21.178.36
2057,Ransom,Manuello,rmanuelloqk@marketwatch.com,Male,17.119.238.218
2058,Rancell,McNiff,rmcniffql@google.it,Male,118.199.235.11
2059,Rose,Cleef,rcleefqm@chron.com,Female,3.82.105.172
2060,Vanny,Deetlof,vdeetlofqn@cmu.edu,Female,93.175.249.123
2061,Joyann,Cyseley,jcyseleyqo@nifty.com,Female,20.85.168.151
2062,Fax,Carlisle,fcarlisleqp@slate.com,Male,240.168.234.146
2063,Carolee,Oxbe,coxbeqq@ehow.com,Female,21.113.25.186
2064,Barbey,Wudeland,bwudelandqr@sciencedirect.com,Female,251.197.46.132
2065,Moises,Dmitr,mdmitrqs@yahoo.co.jp,Genderqueer,178.13.47.79
2066,Bay,Walne,bwalneqt@walmart.com,Male,255.108.201.107
2067,Valry,Alti,valtiqu@npr.org,Genderfluid,135.126.84.53
2068,Maximilianus,Chaudrelle,mchaudrelleqv@ted.com,Male,160.65.162.170
2069,Nalani,Klouz,nklouzqw@army.mil,Female,76.84.152.115
2070,Fitz,Killingbeck,fkillingbeckqx@edublogs.org,Male,70.177.173.242
2071,Eugine,Jakoubek,ejakoubekqy@people.com.cn,Female,180.193.141.144
2072,Bibi,Mesnard,bmesnardqz@tiny.cc,Female,70.247.67.213
2073,Norris,Harman,nharmanr0@blogspot.com,Genderfluid,110.68.72.6
2074,Yuri,Hayler,yhaylerr1@ycombinator.com,Male,70.54.161.102
2075,Matthaeus,Konrad,mkonradr2@hexun.com,Genderfluid,217.141.92.228
2076,Gil,Blazynski,gblazynskir3@cdbaby.com,Male,220.138.116.33
2077,Arnold,Bernt,aberntr4@google.es,Male,150.152.246.141
2078,Milli,Shoppee,mshoppeer5@nhs.uk,Female,89.138.214.200
2079,Elfreda,Golds,egoldsr6@vinaora.com,Female,169.174.83.187
2080,Ludovico,Coldbreath,lcoldbreathr7@lycos.com,Bigender,93.141.167.58
2081,Benedikt,Cartmel,bcartmelr8@pinterest.com,Male,231.81.130.21
2082,Dorey,Comrie,dcomrier9@acquirethisname.com,Male,76.126.104.217
2083,Gaspard,Wenden,gwendenra@indiatimes.com,Male,195.200.19.199
2084,Ann-marie,Tubble,atubblerb@qq.com,Female,23.13.167.78
2085,Weidar,Medforth,wmedforthrc@opera.com,Male,194.182.27.121
2086,Roddy,Rossbrook,rrossbrookrd@microsoft.com,Male,57.64.251.99
2087,Jasmin,Coppo,jcoppore@sciencedirect.com,Female,65.42.240.174
2088,Killie,Leftbridge,kleftbridgerf@parallels.com,Male,220.99.57.101
2089,Walliw,Spare,wsparerg@is.gd,Female,235.103.245.126
2090,Cleon,Dickerson,cdickersonrh@discuz.net,Male,154.123.80.128
2091,Lizzy,Gatfield,lgatfieldri@disqus.com,Female,140.203.238.228
2092,Stanleigh,Kempster,skempsterrj@arizona.edu,Male,82.181.80.91
2093,Dilan,Mc-Kerley,dmckerleyrk@blogtalkradio.com,Male,36.210.5.94
2094,Kimmie,Alishoner,kalishonerrl@cloudflare.com,Bigender,117.22.120.21
2095,Brittani,Bitterton,bbittertonrm@sakura.ne.jp,Female,127.225.172.186
2096,Elmo,Challenor,echallenorrn@canalblog.com,Polygender,251.235.234.145
2097,Berthe,Summerbell,bsummerbellro@alibaba.com,Female,148.92.99.0
2098,Melita,Yggo,myggorp@telegraph.co.uk,Female,33.127.63.231
2099,Godfree,Wahlberg,gwahlbergrq@boston.com,Male,77.100.39.33
2100,Kerry,Harberer,kharbererrr@nhs.uk,Female,161.117.25.27
