id,first_name,last_name,email,gender,ip_address
101,Tobey,Barstowk,tbarstowk0@twitter.com,Female,11.167.233.236
102,Zerk,Moulsdale,zmoulsdale1@themeforest.net,Male,3.53.85.110
103,Hester,Boughtwood,hboughtwood2@usgs.gov,Female,175.161.56.117
104,Mattheus,Ceney,mceney3@yandex.ru,Male,127.141.164.178
105,Elsey,Bortolomei,ebortolomei4@moonfruit.com,Female,139.75.119.59
106,Cesaro,Effemy,ceffemy5@tripod.com,Male,69.222.239.3
107,Bernita,Mea,bmea6@prlog.org,Female,146.165.117.237
108,Victoir,Kunkel,vkunkel7@lycos.com,Male,223.169.56.235
109,Hildegaard,Guidoni,hguidoni8@bigcartel.com,Female,86.111.26.161
110,Jeramie,Collimore,jcollimore9@people.com.cn,Male,90.233.67.253
111,Lurette,Frostick,lfrosticka@t-online.de,Female,208.35.39.82
112,Ida,Gery,igeryb@huffingtonpost.com,Female,146.161.71.58
113,Griffith,Daynter,gdaynterc@nifty.com,Male,136.21.53.189
114,Ed,Hugonneau,ehugonneaud@reverbnation.com,Male,90.253.11.249
115,Rockwell,Skurm,rskurme@blogspot.com,Male,27.144.81.233
116,Michel,Tuttiett,mtuttiettf@ning.com,Male,30.125.17.52
117,Inglis,Jenson,ijensong@ow.ly,Male,182.174.60.10
118,Prissie,Purslow,ppurslowh@youtu.be,Female,133.157.65.20
119,Rickert,Cazereau,rcazereaui@walmart.com,Male,69.242.137.4
120,Ray,Lackham,rlackhamj@illinois.edu,Female,165.50.128.152
121,Rinaldo,Hemmingway,rhemmingwayk@livejournal.com,Male,139.146.169.160
122,Lissa,McCurt,lmccurtl@hibu.com,Female,77.18.180.238
123,Holden,Rimington,hrimingtonm@facebook.com,Male,243.5.95.66
124,Wini,Elner,welnern@sun.com,Female,5.179.71.7
125,Wyatan,Greasty,wgreastyo@feedburner.com,Male,39.132.145.204
126,Alon,O'Tierney,aotierneyp@google.com.br,Male,157.77.218.66
127,Lazare,Lamberti,llambertiq@google.nl,Male,158.169.165.226
128,Maryanne,Stode,mstoder@acquirethisname.com,Female,122.128.225.163
129,Susy,Leadstone,sleadstones@amazonaws.com,Female,218.181.180.63
130,Howie,Patton,hpattont@hp.com,Male,133.154.58.124
131,Demetris,Eckh,deckhu@google.fr,Male,99.245.147.239
132,Trixy,Musgrove,tmusgrovev@zimbio.com,Female,98.250.160.115
133,Rock,Garrow,rgarroww@alexa.com,Male,168.210.42.217
134,Nicola,Erswell,nerswellx@youtu.be,Male,45.94.125.167
135,Homere,Millson,hmillsony@t.co,Male,212.44.34.121
136,Patricia,Stoke,pstokez@si.edu,Female,59.41.167.51
137,Mariana,Widmoor,mwidmoor10@deliciousdays.com,Female,78.142.87.180
138,Rosella,Mottinelli,rmottinelli11@vkontakte.ru,Female,244.112.187.5
139,Traci,Gowen,tgowen12@gmpg.org,Female,254.238.214.66
140,Mitchell,Brundall,mbrundall13@jimdo.com,Male,205.109.99.142
141,Jo,Spargo,jspargo14@java.com,Male,243.70.173.14
142,Dennis,Ruddiforth,druddiforth15@miitbeian.gov.cn,Male,216.218.140.11
143,Rickard,Kipping,rkipping16@rakuten.co.jp,Male,222.66.15.76
144,Jonathon,Spencers,jspencers17@chron.com,Male,230.50.119.14
145,Shaylah,Clemo,sclemo18@army.mil,Female,19.201.241.150
146,Urbano,Haggish,uhaggish19@privacy.gov.au,Male,155.105.244.229
147,Cole,Kybert,ckybert1a@pinterest.com,Male,88.121.55.236
148,Conroy,Filde,cfilde1b@phoca.cz,Male,227.35.180.2
149,Ive,Tyght,ityght1c@goo.ne.jp,Male,252.226.138.23
150,Courtney,Solomonides,csolomonides1d@wunderground.com,Male,207.95.244.150
151,Roderic,O'Gormley,rogormley1e@smh.com.au,Male,54.57.96.147
152,Cornelius,Gedling,cgedling1f@blinklist.com,Male,79.179.253.132
153,Giacinta,Chenery,gchenery1g@japanpost.jp,Female,151.247.135.188
154,Marris,Fullun,mfullun1h@sfgate.com,Female,55.166.134.84
155,Jarrett,Marrow,jmarrow1i@nasa.gov,Male,42.232.61.92
156,Floris,Doerrling,fdoerrling1j@geocities.com,Non-binary,11.154.24.63
157,Judith,Murrison,jmurrison1k@blogger.com,Female,220.200.108.208
158,Giffer,Long,glong1l@miitbeian.gov.cn,Male,228.198.96.110
159,Sidonia,Mosco,smosco1m@microsoft.com,Genderqueer,108.177.37.68
160,Thebault,Shrubsall,tshrubsall1n@rediff.com,Genderqueer,115.212.127.250
161,Keriann,Edison,kedison1o@webs.com,Female,99.226.145.18
162,Desirae,Putson,dputson1p@amazonaws.com,Female,107.237.51.233
163,Aigneis,Flack,aflack1q@yale.edu,Female,180.44.155.190
164,Scotty,Byles,sbyles1r@cbc.ca,Male,30.222.92.125
165,Shandee,Bleue,sbleue1s@cargocollective.com,Female,140.37.161.78
166,Ranna,Kettlestringes,rkettlestringes1t@gov.uk,Female,243.104.224.138
167,Felizio,Mattusov,fmattusov1u@loc.gov,Male,75.113.65.249
168,Raine,Phaup,rphaup1v@seattletimes.com,Female,211.242.240.35
169,Harlin,Folger,hfolger1w@buzzfeed.com,Male,43.185.222.233
170,Paxton,Andrioni,pandrioni1x@phoca.cz,Male,228.92.252.23
171,Maribeth,Finlan,mfinlan1y@skype.com,Female,253.136.141.126
172,Stacy,Spurge,sspurge1z@over-blog.com,Male,100.80.93.158
173,Jarrett,Cribbin,jcribbin20@ameblo.jp,Male,99.242.76.66
174,Timofei,Eudall,teudall21@yolasite.com,Male,101.127.48.3
175,Harriott,Boustead,hboustead22@vinaora.com,Female,74.33.19.132
176,Wilfred,Poulney,wpoulney23@twitter.com,Male,87.249.71.7
177,Ag,Hilary,ahilary24@vinaora.com,Female,13.26.1.61
178,Calvin,Juza,cjuza25@tripod.com,Polygender,37.240.106.41
179,Northrup,Serrels,nserrels26@meetup.com,Male,10.106.78.145
180,Dorotea,Greenwell,dgreenwell27@bloglines.com,Female,36.84.148.98
181,Mal,Jills,mjills28@blogger.com,Male,205.11.193.32
182,Ced,Scarlin,cscarlin29@house.gov,Male,8.138.175.210
183,Adelheid,Filipov,afilipov2a@twitpic.com,Female,80.183.239.20
184,Lothario,Nijs,lnijs2b@livejournal.com,Male,109.95.209.162
185,Sheilah,Morcombe,smorcombe2c@nationalgeographic.com,Female,69.46.188.10
186,Hillier,Pearlman,hpearlman2d@walmart.com,Male,244.105.96.191
187,Ruy,Curgenuer,rcurgenuer2e@bandcamp.com,Bigender,111.193.45.35
188,Rivy,Zealander,rzealander2f@paginegialle.it,Female,228.216.252.222
189,Letti,Aldrin,laldrin2g@linkedin.com,Female,3.64.204.25
190,Vivyanne,Willerton,vwillerton2h@networkadvertising.org,Female,119.227.247.161
191,Marie,Durban,mdurban2i@theguardian.com,Agender,253.251.182.86
192,Dorrie,Zanre,dzanre2j@imageshack.us,Female,181.81.31.210
193,Glennis,Cartner,gcartner2k@list-manage.com,Female,210.126.127.86
194,Tobiah,Gurden,tgurden2l@pcworld.com,Male,146.197.84.146
195,Chanda,Baise,cbaise2m@netvibes.com,Female,204.163.26.222
196,Calhoun,Keuning,ckeuning2n@tripod.com,Male,96.197.217.58
197,Clyve,Tregaskis,ctregaskis2o@bandcamp.com,Male,29.212.70.132
198,Den,Govern,dgovern2p@bloomberg.com,Polygender,37.4.38.194
199,Adrian,Camelia,acamelia2q@wikispaces.com,Agender,13.200.181.181
200,Ailyn,Elphee,aelphee2r@tripod.com,Female,21.19.174.145
201,Kati,Victoria,kvictoria2s@creativecommons.org,Polygender,216.120.180.197
202,Joann,Chaundy,jchaundy2t@wufoo.com,Female,140.163.166.184
203,Cathee,Lecount,clecount2u@google.es,Female,185.100.76.240
204,Kirstyn,Doubrava,kdoubrava2v@businesswire.com,Female,61.119.148.176
205,Stacey,Isakowicz,sisakowicz2w@clickbank.net,Female,115.131.19.107
206,Meris,Heddy,mheddy2x@so-net.ne.jp,Female,136.22.209.46
207,Randolph,Marlon,rmarlon2y@taobao.com,Male,203.45.206.29
208,Alexandro,Mossdale,amossdale2z@mozilla.com,Male,2.84.71.90
209,Karee,Mashal,kmashal30@tinyurl.com,Female,8.148.251.193
210,Ebenezer,Crombleholme,ecrombleholme31@disqus.com,Male,241.50.36.33
211,Nikolia,Sustins,nsustins32@cbslocal.com,Female,116.30.179.139
212,Elwin,Heeney,eheeney33@vinaora.com,Male,202.135.240.206
213,Kenn,Bunson,kbunson34@tumblr.com,Male,124.222.79.68
214,Arlan,Boobier,aboobier35@yahoo.com,Polygender,176.122.240.220
215,Elsworth,Rollason,erollason36@umich.edu,Male,72.145.229.78
216,Jeremie,Macellar,jmacellar37@goo.ne.jp,Male,154.243.254.182
217,Bunni,Kiggel,bkiggel38@google.co.uk,Female,44.194.46.60
218,Andrej,Gomes,agomes39@instagram.com,Male,224.146.210.184
219,Natala,Parsonage,nparsonage3a@npr.org,Female,124.167.133.253
220,Karole,Weatherburn,kweatherburn3b@sciencedaily.com,Female,182.175.83.87
221,Aldo,Mauchline,amauchline3c@mac.com,Male,90.221.238.224
222,Bibby,Eberdt,beberdt3d@discuz.net,Female,48.28.196.217
223,Fiann,Gettins,fgettins3e@wikipedia.org,Female,230.249.236.31
224,Caro,Gravett,cgravett3f@blog.com,Female,153.23.181.20
225,Shelli,Siddell,ssiddell3g@meetup.com,Polygender,33.229.243.148
226,Melina,Eustes,meustes3h@hp.com,Female,58.240.38.235
227,Cortney,Marchi,cmarchi3i@ifeng.com,Female,229.149.100.77
228,Carry,Gethings,cgethings3j@cam.ac.uk,Female,252.90.73.146
229,Rozalie,Joan,rjoan3k@cpanel.net,Female,34.185.99.57
230,Lazarus,Scoyne,lscoyne3l@soundcloud.com,Non-binary,31.216.220.211
231,Deanne,Measures,dmeasures3m@facebook.com,Female,48.151.53.71
232,Catherine,Bemwell,cbemwell3n@google.co.jp,Female,10.57.223.95
233,Dieter,Palfreman,dpalfreman3o@topsy.com,Genderfluid,105.70.48.67
234,Waite,Morphew,wmorphew3p@odnoklassniki.ru,Polygender,101.209.219.26
235,Maribeth,Garvagh,mgarvagh3q@seesaa.net,Female,61.234.165.45
236,Delainey,Denis,ddenis3r@creativecommons.org,Male,214.152.7.78
237,Fania,Kobke,fkobke3s@w3.org,Female,240.151.81.172
238,Aurie,Meachan,ameachan3t@cbslocal.com,Female,75.166.136.98
239,Othilia,Carrier,ocarrier3u@google.ca,Female,176.226.153.76
240,Noelle,Nijssen,nnijssen3v@dagondesign.com,Female,110.105.190.215
241,Niki,Beesley,nbeesley3w@nhs.uk,Female,185.251.26.204
242,Roderich,Spittles,rspittles3x@google.com.hk,Male,32.220.165.166
243,Netty,Bielfeld,nbielfeld3y@blinklist.com,Female,114.57.252.72
244,Palmer,Bohills,pbohills3z@mozilla.org,Polygender,103.142.225.83
245,Dilly,Halsho,dhalsho40@alexa.com,Male,144.26.241.209
246,Christian,Abrahamsson,cabrahamsson41@paypal.com,Male,152.253.150.97
247,Deeann,Espinay,despinay42@mysql.com,Female,175.95.104.238
248,Brena,Kliment,bkliment43@arstechnica.com,Female,180.189.63.215
249,Larina,Pottie,lpottie44@drupal.org,Female,171.164.127.153
250,Marilee,Schreurs,mschreurs45@opera.com,Female,185.158.67.31
251,Mace,Balfour,mbalfour46@shareasale.com,Male,134.31.125.9
252,Guntar,Farryan,gfarryan47@freewebs.com,Male,179.74.108.31
253,Wilone,Vasnev,wvasnev48@europa.eu,Female,133.91.93.53
254,Donella,Fucher,dfucher49@wikimedia.org,Genderfluid,19.98.2.239
255,Ruthi,Green,rgreen4a@elpais.com,Female,189.112.209.214
256,Nara,Setch,nsetch4b@hostgator.com,Female,253.153.107.82
257,Cyrus,Screaton,cscreaton4c@mlb.com,Male,252.126.73.97
258,Kellie,Cansdall,kcansdall4d@storify.com,Non-binary,162.141.153.150
259,Rubia,Hurlin,rhurlin4e@dot.gov,Female,153.235.113.231
260,Ronica,Trulocke,rtrulocke4f@salon.com,Female,177.231.92.128
261,Tersina,Gaynor,tgaynor4g@yale.edu,Female,172.89.110.249
262,Amil,Dalligan,adalligan4h@surveymonkey.com,Female,84.97.161.150
263,Nikolos,Badrock,nbadrock4i@springer.com,Male,220.159.125.4
264,Katey,Guidelli,kguidelli4j@cyberchimps.com,Female,173.18.127.91
265,Gabbie,Boundley,gboundley4k@illinois.edu,Male,252.185.139.13
266,Natty,McCathy,nmccathy4l@gravatar.com,Male,178.31.124.198
267,Hall,Scowen,hscowen4m@wix.com,Male,192.208.163.47
268,Michal,Officer,mofficer4n@europa.eu,Male,94.12.166.203
269,Roderic,Bidmead,rbidmead4o@imgur.com,Male,192.174.187.11
270,Cami,Croxley,ccroxley4p@wufoo.com,Female,27.124.16.70
271,Eliot,Jerrams,ejerrams4q@cbslocal.com,Male,26.148.28.63
272,Lidia,Coverlyn,lcoverlyn4r@dmoz.org,Female,158.8.70.86
273,Rachelle,Longden,rlongden4s@hhs.gov,Female,106.41.222.223
274,Dyan,Ordemann,dordemann4t@de.vu,Female,117.178.103.251
275,Sargent,Dust,sdust4u@tumblr.com,Polygender,65.49.72.212
276,Marita,Geillier,mgeillier4v@usgs.gov,Female,238.222.162.118
277,Trever,McKimmey,tmckimmey4w@vkontakte.ru,Polygender,82.55.41.94
278,Noelyn,Smallpeace,nsmallpeace4x@mapy.cz,Genderqueer,138.72.162.163
279,Saw,Houlden,shoulden4y@gravatar.com,Male,206.154.181.90
280,Laurel,Greenrde,lgreenrde4z@goodreads.com,Female,127.149.156.151
281,Arny,MacSharry,amacsharry50@apple.com,Male,164.118.109.218
282,Scottie,Fripp,sfripp51@mapquest.com,Male,222.214.193.51
283,Lindy,Lindsell,llindsell52@mapy.cz,Female,93.233.108.149
284,Osmund,Shewan,oshewan53@huffingtonpost.com,Male,97.55.174.116
285,Gannie,Ickovicz,gickovicz54@dagondesign.com,Male,134.250.134.145
286,Derward,Bolmann,dbolmann55@omniture.com,Male,137.46.208.214
287,Tera,Georgel,tgeorgel56@mac.com,Female,109.236.133.27
288,Estella,Pridgeon,epridgeon57@de.vu,Female,224.140.76.108
289,Konstanze,Guilaem,kguilaem58@feedburner.com,Female,12.109.126.46
290,Linet,Dwelly,ldwelly59@usgs.gov,Female,79.29.204.193
291,Ernestus,Cossington,ecossington5a@gizmodo.com,Male,20.220.68.93
292,Jeno,Vido,jvido5b@cdbaby.com,Male,149.224.216.84
293,Prue,Chevers,pchevers5c@hugedomains.com,Female,169.182.30.34
294,Celia,Tregonna,ctregonna5d@jalbum.net,Female,65.24.99.145
295,Ivie,Cargo,icargo5e@stanford.edu,Female,181.64.160.4
296,Auria,Beardall,abeardall5f@artisteer.com,Female,97.236.206.16
297,Sarene,Dulwitch,sdulwitch5g@ibm.com,Female,66.57.111.24
298,Mireielle,Charman,mcharman5h@freewebs.com,Female,251.15.103.246
299,Gustavo,Mum,gmum5i@europa.eu,Non-binary,159.138.129.207
300,Edik,Danslow,edanslow5j@merriam-webster.com,Male,224.194.155.214
301,Dasie,Stripp,dstripp5k@sfgate.com,Female,116.4.193.121
302,Rhoda,Dahmke,rdahmke5l@fema.gov,Polygender,171.195.198.139
303,Peyton,Symon,psymon5m@unblog.fr,Male,186.156.114.101
304,Linea,Anmore,lanmore5n@walmart.com,Female,230.220.112.187
305,Jonie,Turrill,jturrill5o@sbwire.com,Female,45.45.242.11
306,Dalston,Pigne,dpigne5p@cbc.ca,Male,227.237.196.91
307,Anna-diane,Bromfield,abromfield5q@washington.edu,Female,73.230.104.70
308,Douglas,Diess,ddiess5r@blog.com,Male,28.27.229.231
309,Ephraim,Schuh,eschuh5s@oakley.com,Bigender,228.48.44.245
310,Rufus,Marginson,rmarginson5t@de.vu,Male,128.12.185.210
311,Reinaldo,Bockmann,rbockmann5u@fastcompany.com,Male,234.142.220.176
312,Alfy,Hadgkiss,ahadgkiss5v@yahoo.com,Female,216.210.226.225
313,Rabi,Maddocks,rmaddocks5w@biblegateway.com,Male,210.218.62.156
314,Brig,Cleaveland,bcleaveland5x@uiuc.edu,Bigender,221.115.42.221
315,Morley,Bischop,mbischop5y@imdb.com,Male,211.184.241.2
316,Ollie,Lindenblatt,olindenblatt5z@csmonitor.com,Genderqueer,54.219.199.230
317,Kathye,Fairchild,kfairchild60@sciencedirect.com,Female,78.39.0.15
318,Joanie,Heams,jheams61@npr.org,Female,211.184.244.163
319,Kristoforo,Phillip,kphillip62@livejournal.com,Male,147.11.45.211
320,Madelaine,Cosgry,mcosgry63@eepurl.com,Female,120.201.98.92
321,Elisabeth,Pezey,epezey64@sciencedirect.com,Female,250.178.70.183
322,Addia,Barlass,abarlass65@taobao.com,Female,248.162.34.212
323,Hendrika,Arrington,harrington66@hp.com,Female,177.78.147.48
324,Daryn,Piscopo,dpiscopo67@mapquest.com,Female,42.123.140.161
325,Harp,Van Velden,hvanvelden68@sourceforge.net,Male,95.214.191.240
326,Zackariah,Bouette,zbouette69@wsj.com,Male,55.235.240.132
327,Mady,Polglase,mpolglase6a@wp.com,Non-binary,177.27.207.45
328,Lionello,Willard,lwillard6b@google.co.uk,Male,237.106.124.186
329,Abdel,Bullingham,abullingham6c@yellowpages.com,Male,218.121.2.214
330,Dunstan,Roofe,droofe6d@alexa.com,Male,132.207.171.157
331,Marcos,Crawley,mcrawley6e@wunderground.com,Male,197.38.253.106
332,Germayne,Sallery,gsallery6f@oakley.com,Male,67.239.192.225
333,Corabella,Worsley,cworsley6g@github.io,Female,104.159.159.8
334,Hollie,Oglethorpe,hoglethorpe6h@zimbio.com,Female,87.47.49.90
335,Urban,Storer,ustorer6i@cpanel.net,Male,189.15.121.185
336,Joelly,Romayne,jromayne6j@youku.com,Female,36.130.141.38
337,Omar,Hawk,ohawk6k@disqus.com,Genderqueer,172.196.85.213
338,Tod,Godlonton,tgodlonton6l@sakura.ne.jp,Male,21.89.173.47
339,Skye,Newlan,snewlan6m@fastcompany.com,Male,20.145.23.78
340,Tailor,Insworth,tinsworth6n@epa.gov,Male,195.18.25.164
341,Birk,Gridon,bgridon6o@alexa.com,Male,44.125.181.151
342,Carmon,McGaughay,cmcgaughay6p@uol.com.br,Bigender,59.56.165.76
343,Gates,Paridge,gparidge6q@bloglovin.com,Female,172.44.9.189
344,Marice,Le Grice,mlegrice6r@hp.com,Genderqueer,9.106.62.186
345,Dukey,Yitzhak,dyitzhak6s@arizona.edu,Male,1.36.34.223
346,Clarie,Padbery,cpadbery6t@csmonitor.com,Female,211.243.163.128
347,Christiane,Tosney,ctosney6u@umn.edu,Female,125.170.171.139
348,Stephine,Checchi,schecchi6v@squidoo.com,Female,115.249.92.223
349,Bettina,Peealess,bpeealess6w@goodreads.com,Female,47.130.79.66
350,Aurlie,Terlinden,aterlinden6x@ihg.com,Female,162.14.74.123
351,Starlene,Bottom,sbottom6y@instagram.com,Female,184.239.75.206
352,Odette,Stobbes,ostobbes6z@jimdo.com,Female,212.133.21.66
353,Ursala,Quixley,uquixley70@japanpost.jp,Female,112.74.240.119
354,Yanaton,Coverley,ycoverley71@prweb.com,Male,126.31.154.87
355,Reinaldo,Epgrave,repgrave72@last.fm,Male,12.96.0.165
356,Godfry,Steade,gsteade73@cocolog-nifty.com,Male,9.109.16.8
357,Erastus,Magwood,emagwood74@360.cn,Male,7.31.141.187
358,Cory,Jerisch,cjerisch75@dedecms.com,Male,124.134.46.188
359,Zelma,Chaddock,zchaddock76@pinterest.com,Female,54.37.83.242
360,Bogey,Bachellier,bbachellier77@soup.io,Male,9.233.51.236
361,Lindsey,Stockney,lstockney78@csmonitor.com,Female,232.96.183.248
362,Wyatt,Rayburn,wrayburn79@sciencedaily.com,Male,241.10.213.121
363,Loise,Schlagh,lschlagh7a@topsy.com,Female,206.242.123.222
364,Wallis,Prime,wprime7b@forbes.com,Male,117.224.85.40
365,Shepherd,Slyford,sslyford7c@intel.com,Male,67.120.77.44
366,Vonni,Celier,vcelier7d@columbia.edu,Female,109.209.120.201
367,Madalena,Llewellyn,mllewellyn7e@ca.gov,Female,109.227.200.20
368,Binky,Villa,bvilla7f@hao123.com,Male,199.25.72.12
369,Monica,Jerrolt,mjerrolt7g@msn.com,Female,96.23.100.0
370,Keriann,Jindrich,kjindrich7h@cnn.com,Female,252.13.30.86
371,Rhiamon,Heminsley,rheminsley7i@aol.com,Female,87.83.189.233
372,Rodney,Gatlin,rgatlin7j@google.com.br,Male,142.91.134.45
373,Xavier,Cassedy,xcassedy7k@bloomberg.com,Male,98.229.30.253
374,Rosemonde,Folomin,rfolomin7l@merriam-webster.com,Female,191.81.185.132
375,Jaynell,Binnell,jbinnell7m@youtube.com,Female,1.104.103.212
376,Hiram,Redihalgh,hredihalgh7n@toplist.cz,Male,223.43.233.223
377,Constantia,Frantzeni,cfrantzeni7o@slashdot.org,Female,167.86.239.89
378,Priscilla,Girardin,pgirardin7p@forbes.com,Female,224.56.239.107
379,La verne,Heffer,lheffer7q@nasa.gov,Female,162.188.18.136
380,Gianni,Sumbler,gsumbler7r@apache.org,Male,240.216.174.14
381,Nora,Jovey,njovey7s@yandex.ru,Female,242.245.142.85
382,Delphinia,Kauschke,dkauschke7t@upenn.edu,Female,233.77.213.187
383,Wolfy,Cummungs,wcummungs7u@chron.com,Male,66.79.128.227
384,Robbert,Boobier,rboobier7v@vistaprint.com,Non-binary,89.102.60.173
385,Quintin,Van der Beek,qvanderbeek7w@ucla.edu,Male,128.73.172.228
386,Ambrosio,Callicott,acallicott7x@netscape.com,Male,164.202.176.210
387,Lydon,Spry,lspry7y@ning.com,Male,139.161.232.149
388,Wade,Kneath,wkneath7z@ox.ac.uk,Male,240.21.172.133
389,Ellerey,Carpe,ecarpe80@census.gov,Male,120.76.16.112
390,Bev,Scoles,bscoles81@washington.edu,Male,39.198.222.53
391,Inesita,Greiswood,igreiswood82@usa.gov,Female,188.130.47.55
392,Rena,Sloan,rsloan83@livejournal.com,Female,2.8.173.59
393,Dell,Fosher,dfosher84@homestead.com,Male,165.229.80.211
394,Arleyne,Gammack,agammack85@sfgate.com,Female,167.147.55.82
395,Dorian,Knights,dknights86@bluehost.com,Male,42.39.96.82
396,Jerrilyn,Capper,jcapper87@patch.com,Female,227.203.52.113
397,Aleen,Caddell,acaddell88@simplemachines.org,Female,69.149.145.236
398,Bartholomeus,Ecob,becob89@economist.com,Male,167.27.71.178
399,Cooper,Swayte,cswayte8a@amazon.co.jp,Male,133.171.24.139
400,Pietra,Triebner,ptriebner8b@com.com,Female,147.189.204.147
401,Ronnie,Birdfield,rbirdfield8c@noaa.gov,Male,255.35.101.202
402,Farrah,Stitwell,fstitwell8d@histats.com,Bigender,189.111.231.179
403,Lyndsey,Griffithe,lgriffithe8e@vinaora.com,Female,158.186.191.180
404,Allx,Leeves,aleeves8f@shutterfly.com,Genderqueer,116.116.150.45
405,Stacie,Cullen,scullen8g@ucsd.edu,Female,238.222.254.142
406,Farlee,MacSharry,fmacsharry8h@geocities.com,Male,23.164.219.229
407,Cornie,Buxcey,cbuxcey8i@cocolog-nifty.com,Female,163.117.8.16
408,Linoel,O'Lenane,lolenane8j@jalbum.net,Male,221.40.239.147
409,Waldo,Imlach,wimlach8k@nba.com,Male,48.236.31.188
410,Ardelia,Petlyura,apetlyura8l@wiley.com,Female,70.25.242.21
411,Sanders,Barbie,sbarbie8m@people.com.cn,Male,217.25.55.68
412,Jermayne,Ferreira,jferreira8n@delicious.com,Male,189.93.134.199
413,Chanda,Rendbaek,crendbaek8o@gizmodo.com,Female,104.87.13.175
414,Mata,MacConnel,mmacconnel8p@over-blog.com,Male,159.175.147.222
415,Linnell,Gabriel,lgabriel8q@sciencedirect.com,Genderqueer,193.212.253.223
416,Fanni,Antonin,fantonin8r@xrea.com,Non-binary,243.177.225.246
417,Gert,Beachamp,gbeachamp8s@netvibes.com,Female,165.254.101.177
418,Tailor,Domerque,tdomerque8t@goo.gl,Male,215.103.198.76
419,Kasper,Meriguet,kmeriguet8u@php.net,Male,75.111.188.107
420,Peter,Campelli,pcampelli8v@posterous.com,Male,150.234.55.14
421,Padraic,L'oiseau,ploiseau8w@t-online.de,Male,91.232.76.142
422,Cammi,Sprackling,csprackling8x@shop-pro.jp,Female,111.53.46.170
423,Cesar,Bryns,cbryns8y@blogspot.com,Male,124.237.156.101
424,Jenica,Morton,jmorton8z@goodreads.com,Female,179.222.77.106
425,Buddy,Davidovicz,bdavidovicz90@unicef.org,Male,156.203.57.184
426,Brody,Killiam,bkilliam91@networksolutions.com,Male,157.192.237.252
427,Derek,Corrado,dcorrado92@sitemeter.com,Male,169.207.17.71
428,Leroi,Peverell,lpeverell93@bloglovin.com,Male,31.24.53.154
429,Daphna,Lavallie,dlavallie94@liveinternet.ru,Female,209.235.43.204
430,Steffane,Krolle,skrolle95@nymag.com,Female,156.38.59.122
431,Quint,Westraw,qwestraw96@tinypic.com,Male,134.227.177.229
432,Stacy,Teesdale,steesdale97@flickr.com,Female,137.173.47.228
433,Lois,Sibbs,lsibbs98@ning.com,Female,251.110.87.211
434,Otha,Bradtke,obradtke99@google.co.uk,Female,35.202.252.236
435,Vickie,Nerne,vnerne9a@usa.gov,Female,21.164.142.118
436,Marsiella,Ockendon,mockendon9b@dagondesign.com,Polygender,16.130.152.21
437,Bret,George,bgeorge9c@ameblo.jp,Male,62.66.8.233
438,Bil,O'Glassane,boglassane9d@bandcamp.com,Male,121.107.181.26
439,Irita,Dimont,idimont9e@dot.gov,Female,224.231.178.138
440,Joane,Melly,jmelly9f@youtube.com,Female,124.38.162.188
441,Missie,Ohrt,mohrt9g@homestead.com,Female,231.187.253.239
442,Amaleta,Crompton,acrompton9h@senate.gov,Female,128.244.195.136
443,Nicolette,Muddicliffe,nmuddicliffe9i@npr.org,Female,203.131.152.255
444,Rriocard,LaBastida,rlabastida9j@mlb.com,Male,241.180.84.0
445,Jacquetta,Isaac,jisaac9k@seesaa.net,Female,247.25.101.235
446,Phylys,Vearncomb,pvearncomb9l@joomla.org,Female,116.27.105.140
447,Jed,Braunds,jbraunds9m@globo.com,Male,36.32.60.158
448,Maje,Chrstine,mchrstine9n@vk.com,Male,228.105.39.238
449,Dixie,Beckhurst,dbeckhurst9o@so-net.ne.jp,Female,202.13.13.141
450,Nonah,Goodrich,ngoodrich9p@tmall.com,Female,32.237.123.30
451,Cleve,Gillino,cgillino9q@unc.edu,Male,210.248.187.243
452,Ruby,Riggulsford,rriggulsford9r@sphinn.com,Polygender,154.75.69.46
453,Terrie,Winspear,twinspear9s@posterous.com,Female,97.7.158.82
454,Cassy,O' Hern,cohern9t@spotify.com,Female,203.249.194.29
455,Mack,Winskill,mwinskill9u@forbes.com,Male,180.214.238.226
456,Jessalyn,Wippermann,jwippermann9v@homestead.com,Female,163.220.104.182
457,Colet,Haggish,chaggish9w@ucoz.ru,Male,180.255.10.198
458,Codi,Apted,capted9x@newyorker.com,Male,112.36.10.204
459,Nomi,Serraillier,nserraillier9y@wiley.com,Female,219.24.57.130
460,Charley,Wharfe,cwharfe9z@ifeng.com,Male,238.82.193.188
461,Chrisse,Longstreeth,clongstreetha0@google.com.br,Male,5.123.233.244
462,Vasili,Duny,vdunya1@deliciousdays.com,Male,77.24.12.154
463,Trudey,Jeannel,tjeannela2@so-net.ne.jp,Non-binary,41.147.194.189
464,Chrystel,Jorez,cjoreza3@ycombinator.com,Female,222.245.29.201
465,Christian,Dumbelton,cdumbeltona4@scribd.com,Male,7.215.84.13
466,Alli,Muckley,amuckleya5@artisteer.com,Female,220.249.63.84
467,Ruy,Charlewood,rcharlewooda6@github.io,Genderqueer,84.44.194.190
468,Hertha,Jerke,hjerkea7@yellowbook.com,Polygender,39.230.115.63
469,Ettore,Piken,epikena8@desdev.cn,Male,49.112.159.138
470,Beaufort,Tideswell,btideswella9@dagondesign.com,Male,67.169.238.44
471,Keriann,Melody,kmelodyaa@issuu.com,Female,242.189.168.173
472,Natty,Zouch,nzouchab@tumblr.com,Male,231.19.81.240
473,Danyelle,Pennycord,dpennycordac@infoseek.co.jp,Female,123.59.41.232
474,Cal,Pilpovic,cpilpovicad@wufoo.com,Male,251.114.73.56
475,Cthrine,Coomber,ccoomberae@creativecommons.org,Female,86.179.183.124
476,Coop,Roncelli,croncelliaf@dion.ne.jp,Male,145.225.27.237
477,Clarie,Jefferies,cjefferiesag@slate.com,Female,15.55.60.133
478,Marcelline,Saiz,msaizah@ed.gov,Female,33.241.242.34
479,Dody,Aven,davenai@xrea.com,Genderqueer,57.46.5.200
480,Heidie,Rigolle,hrigolleaj@ehow.com,Female,72.144.98.10
481,Virginia,Lainge,vlaingeak@drupal.org,Bigender,65.44.242.80
482,Renaldo,Zanuciolii,rzanucioliial@odnoklassniki.ru,Male,160.0.83.188
483,Caralie,Seavers,cseaversam@nature.com,Female,116.102.73.29
484,Aile,Huller,ahulleran@taobao.com,Female,107.168.155.132
485,Boote,Haster,bhasterao@phpbb.com,Male,14.129.182.162
486,Elvira,Mackerness,emackernessap@spiegel.de,Female,172.61.85.73
487,Gideon,MacKeever,gmackeeveraq@discuz.net,Male,147.101.133.255
488,Valentin,Cullon,vcullonar@naver.com,Male,63.101.6.108
489,Jasen,Hubatsch,jhubatschas@wufoo.com,Polygender,241.51.23.216
490,Lynda,Beggio,lbeggioat@imgur.com,Female,193.126.197.37
491,Krisha,Lestor,klestorau@columbia.edu,Male,36.38.172.239
492,Stewart,Johannesson,sjohannessonav@discuz.net,Male,89.218.200.32
493,Lisette,Maeer,lmaeeraw@ca.gov,Female,194.159.172.17
494,Selinda,Milham,smilhamax@ezinearticles.com,Female,89.252.158.46
495,Jocelin,Warlawe,jwarlaweay@va.gov,Female,224.74.177.235
496,Francyne,Hacking,fhackingaz@com.com,Female,133.82.251.254
497,Vivianna,Ixor,vixorb0@blogger.com,Female,121.84.38.166
498,June,Lukasen,jlukasenb1@timesonline.co.uk,Female,184.146.124.82
499,Helaina,Tickel,htickelb2@mozilla.com,Female,155.35.25.58
500,Constancy,Edlestone,cedlestoneb3@marriott.com,Female,48.154.77.174
501,Lefty,Ealden,lealdenb4@behance.net,Male,8.32.49.74
502,Simonne,Tither,stitherb5@google.ca,Female,224.101.146.235
503,Shepard,Boughton,sboughtonb6@skype.com,Male,235.41.178.249
504,Druci,Bibey,dbibeyb7@columbia.edu,Female,3.56.55.2
505,Moira,O'Gormley,mogormleyb8@google.nl,Female,190.58.241.146
506,Kurtis,McGiffin,kmcgiffinb9@ibm.com,Male,9.105.130.62
507,Robinson,Dimitrov,rdimitrovba@army.mil,Male,202.76.98.38
508,Gordon,Edmondson,gedmondsonbb@moonfruit.com,Non-binary,199.43.148.124
509,Alic,Beeton,abeetonbc@odnoklassniki.ru,Male,70.150.98.78
510,Adele,Eisig,aeisigbd@diigo.com,Female,96.255.24.203
511,Sargent,Noddings,snoddingsbe@opensource.org,Polygender,181.244.22.37
512,Haze,O'Scanlan,hoscanlanbf@nasa.gov,Male,221.55.60.75
513,Evelyn,Hearmon,ehearmonbg@bravesites.com,Male,68.105.100.192
514,Gerrilee,Saberton,gsabertonbh@uol.com.br,Female,64.146.93.60
515,Rachele,Gyorffy,rgyorffybi@mapquest.com,Female,217.127.73.86
516,Berna,Clooney,bclooneybj@cyberchimps.com,Female,118.3.167.135
517,Gottfried,Prestedge,gprestedgebk@cornell.edu,Male,174.29.49.10
518,Devonne,Bashford,dbashfordbl@free.fr,Female,182.243.25.127
519,Morie,Fayer,mfayerbm@hp.com,Male,247.228.240.58
520,Valerie,Gillice,vgillicebn@opensource.org,Female,8.106.102.186
521,Jedidiah,Husher,jhusherbo@icq.com,Male,16.62.57.68
522,Davey,Block,dblockbp@list-manage.com,Male,51.95.237.46
523,Karlotta,Tellett,ktellettbq@rakuten.co.jp,Genderqueer,143.68.116.214
524,Barnard,Voelker,bvoelkerbr@cmu.edu,Male,119.71.56.3
525,Maryjo,Merigeau,mmerigeaubs@webnode.com,Female,34.31.141.24
526,Hyman,Pettiward,hpettiwardbt@vkontakte.ru,Male,87.41.37.95
527,Tracey,Tatam,ttatambu@ftc.gov,Genderfluid,105.232.227.8
528,Konstantin,Cressingham,kcressinghambv@marriott.com,Agender,34.45.92.26
529,Jan,Fallon,jfallonbw@latimes.com,Non-binary,55.13.163.105
530,Itch,Costock,icostockbx@furl.net,Male,84.145.82.195
531,Monte,De Cruze,mdecruzeby@sciencedirect.com,Male,164.46.45.24
532,Averil,McUre,amcurebz@cnbc.com,Male,84.225.162.221
533,Elihu,Bennie,ebenniec0@google.com.hk,Male,190.171.219.218
534,Rosanne,Scoterbosh,rscoterboshc1@sakura.ne.jp,Female,174.34.211.137
535,Winny,Middlehurst,wmiddlehurstc2@sohu.com,Female,206.251.163.115
536,Crissie,Poore,cpoorec3@nbcnews.com,Female,237.61.180.209
537,Torr,Cridlon,tcridlonc4@tripod.com,Male,174.81.68.26
538,Krystle,Currao,kcurraoc5@statcounter.com,Female,60.128.252.166
539,Forbes,Meeking,fmeekingc6@feedburner.com,Male,66.118.75.122
540,Rickie,Whilde,rwhildec7@w3.org,Female,241.110.79.16
541,Malina,Windous,mwindousc8@51.la,Female,193.145.178.18
542,Ray,Gaunter,rgaunterc9@a8.net,Female,157.244.81.75
543,Thebault,Reicherz,treicherzca@sakura.ne.jp,Male,41.91.82.33
544,Kerianne,Holdforth,kholdforthcb@house.gov,Female,83.172.133.149
545,Maybelle,Buscombe,mbuscombecc@cam.ac.uk,Female,98.28.20.119
546,Kora,Bertouloume,kbertouloumecd@blogs.com,Female,37.217.107.174
547,Josie,Hazzard,jhazzardce@guardian.co.uk,Female,46.231.213.191
548,Colby,Arnaut,carnautcf@themeforest.net,Male,106.115.135.67
549,Pammie,Astell,pastellcg@weibo.com,Female,69.14.217.238
550,Toddie,Tuffs,ttuffsch@angelfire.com,Male,209.50.72.233
551,Nye,Cisland,ncislandci@va.gov,Male,186.27.111.206
552,Johnathan,Pena,jpenacj@businesswire.com,Male,122.96.29.23
553,Sidonnie,Kelcher,skelcherck@i2i.jp,Female,166.150.47.217
554,Daveen,Wheway,dwhewaycl@washington.edu,Female,168.69.233.37
555,Lesley,Skitch,lskitchcm@jimdo.com,Female,82.9.233.113
556,Kermie,Scobbie,kscobbiecn@dagondesign.com,Male,53.222.211.5
557,Alexander,Courvert,acourvertco@ifeng.com,Male,107.124.202.98
558,Bernelle,Gaitskell,bgaitskellcp@huffingtonpost.com,Female,251.49.151.5
559,Blisse,Clampe,bclampecq@godaddy.com,Female,117.254.67.28
560,Aprilette,Boorne,aboornecr@un.org,Female,204.43.201.3
561,Alla,Bysh,abyshcs@ucsd.edu,Female,183.249.15.212
562,Linn,Mounfield,lmounfieldct@vistaprint.com,Female,137.30.152.148
563,Todd,Mountcastle,tmountcastlecu@bloglines.com,Male,104.87.142.228
564,Codie,Querree,cquerreecv@wikia.com,Male,80.67.141.236
565,Dru,Quantrell,dquantrellcw@ibm.com,Female,211.249.231.255
566,Melvin,Upjohn,mupjohncx@parallels.com,Agender,123.84.180.199
567,Mirilla,Celes,mcelescy@unesco.org,Female,221.11.7.207
568,Susy,Wollard,swollardcz@narod.ru,Female,90.158.137.152
569,Way,Allender,wallenderd0@prlog.org,Male,75.52.78.53
570,Gavra,Hallgarth,ghallgarthd1@spiegel.de,Female,62.78.83.174
571,Violetta,Stallworthy,vstallworthyd2@mit.edu,Female,235.160.169.179
572,Mora,Laycock,mlaycockd3@sakura.ne.jp,Female,86.46.152.237
573,Eileen,Slyde,eslyded4@wikimedia.org,Female,0.70.149.177
574,Nan,Rosingdall,nrosingdalld5@weebly.com,Polygender,50.69.254.121
575,Nicola,Beamish,nbeamishd6@multiply.com,Male,188.70.200.132
576,Demott,Burkitt,dburkittd7@aol.com,Male,193.136.125.81
577,Schuyler,Dansie,sdansied8@state.tx.us,Male,254.184.73.177
578,Christi,Mainds,cmaindsd9@blogs.com,Female,22.11.115.49
579,Annabela,Tiffin,atiffinda@dedecms.com,Female,36.168.63.29
580,Tab,Boyles,tboylesdb@sakura.ne.jp,Male,188.120.174.174
581,Agace,Davidge,adavidgedc@xrea.com,Female,125.83.169.154
582,Erskine,Behnecken,ebehneckendd@seesaa.net,Male,229.58.66.40
583,Carolyne,Godain,cgodainde@sfgate.com,Female,50.242.14.233
584,Lucretia,Bartos,lbartosdf@narod.ru,Female,212.125.143.244
585,Anet,Kerridge,akerridgedg@timesonline.co.uk,Female,169.173.225.48
586,Reinald,Hanna,rhannadh@e-recht24.de,Male,3.22.205.198
587,Chev,Johanning,cjohanningdi@engadget.com,Male,206.29.185.146
588,Algernon,Tabourier,atabourierdj@eventbrite.com,Male,12.164.158.219
589,Daron,Forson,dforsondk@hexun.com,Male,168.176.142.142
590,Brucie,Laugherane,blaugheranedl@uiuc.edu,Male,136.71.129.210
591,Doralynne,Dennett,ddennettdm@ehow.com,Female,36.195.82.235
592,Johann,Deetlefs,jdeetlefsdn@example.com,Male,13.189.48.72
593,Alain,Blatherwick,ablatherwickdo@cbsnews.com,Male,157.13.201.207
594,Ynez,Wagner,ywagnerdp@1und1.de,Female,248.240.70.80
595,Farly,Kloska,fkloskadq@godaddy.com,Male,168.80.53.100
596,Eileen,Abson,eabsondr@imageshack.us,Female,143.212.215.127
597,Goldarina,Oldershaw,goldershawds@usa.gov,Female,15.154.102.202
598,Berne,Baldock,bbaldockdt@google.ca,Male,170.122.137.204
599,Brendon,De Courtney,bdecourtneydu@thetimes.co.uk,Male,86.38.213.49
600,Rena,Earles,rearlesdv@furl.net,Female,69.32.185.225
601,Spence,Udall,sudalldw@time.com,Male,160.229.36.173
602,Konstantine,Culross,kculrossdx@oracle.com,Male,131.240.222.161
603,Renee,Draisey,rdraiseydy@gnu.org,Female,238.239.25.45
604,Evania,Angel,eangeldz@furl.net,Female,27.38.175.63
605,Morgan,Kingswoode,mkingswoodee0@buzzfeed.com,Female,102.93.131.210
606,Laural,Dawks,ldawkse1@blogtalkradio.com,Female,142.82.47.232
607,Raynor,McGiff,rmcgiffe2@myspace.com,Male,247.242.182.248
608,Sander,Pieterick,spietericke3@utexas.edu,Male,236.69.24.71
609,Ekaterina,Gedney,egedneye4@techcrunch.com,Female,170.46.202.169
610,Glynnis,Carlon,gcarlone5@senate.gov,Female,74.9.243.27
611,Dionysus,Anan,danane6@ca.gov,Male,97.232.31.208
612,Riki,Tribell,rtribelle7@economist.com,Female,83.211.199.152
613,Daisi,Pichan,dpichane8@ft.com,Female,86.18.19.237
614,Roanna,Ricardon,rricardone9@google.es,Female,157.51.161.129
615,Valdemar,Folland,vfollandea@elegantthemes.com,Male,19.148.164.195
616,Ketti,Bounde,kboundeeb@topsy.com,Female,82.68.115.40
617,Elayne,Gidden,egiddenec@ning.com,Female,204.11.35.33
618,Charmane,Petyankin,cpetyankined@npr.org,Female,200.34.50.73
619,Esmeralda,Cosh,ecoshee@cbsnews.com,Female,181.200.46.156
620,Hedwiga,Crouse,hcrouseef@51.la,Female,110.146.72.116
621,Hesther,Jancar,hjancareg@intel.com,Female,14.138.80.255
622,Grenville,Kyrkeman,gkyrkemaneh@si.edu,Male,217.242.223.198
623,Wenona,Lambarth,wlambarthei@pcworld.com,Female,200.59.94.5
624,Suzann,Bagwell,sbagwellej@house.gov,Female,81.27.35.44
625,Robby,Greeveson,rgreevesonek@google.it,Male,26.165.36.11
626,Giffie,Reville,grevilleel@trellian.com,Male,99.2.34.65
627,Llewellyn,Bayston,lbaystonem@illinois.edu,Male,55.202.220.196
628,Kimberlyn,Dowglass,kdowglassen@unc.edu,Female,211.12.212.57
629,Linc,Hamsley,lhamsleyeo@surveymonkey.com,Male,195.235.141.149
630,Margo,Annott,mannottep@studiopress.com,Female,162.74.36.128
631,Ora,Shank,oshankeq@cocolog-nifty.com,Female,147.239.41.59
632,Marcus,Traise,mtraiseer@jalbum.net,Male,130.79.129.43
633,Jeannie,Hollindale,jhollindalees@instagram.com,Female,5.123.188.59
634,Gretchen,Terrans,gterranset@taobao.com,Female,59.160.236.183
635,Dermot,Beatson,dbeatsoneu@sciencedirect.com,Male,246.124.232.137
636,Kirbee,Szymonwicz,kszymonwiczev@fotki.com,Female,130.60.216.249
637,Nancy,Sharnock,nsharnockew@woothemes.com,Female,42.37.17.28
638,Hurlee,Grimbleby,hgrimblebyex@posterous.com,Male,149.220.162.51
639,Clim,Josephs,cjosephsey@feedburner.com,Male,157.46.187.38
640,Malva,Tompkin,mtompkinez@icq.com,Female,110.95.220.194
641,Tymothy,Hardwick,thardwickf0@ibm.com,Male,61.225.102.121
642,Oran,Cumberpatch,ocumberpatchf1@auda.org.au,Male,109.45.232.173
643,Cornie,Goudman,cgoudmanf2@nationalgeographic.com,Male,80.81.178.9
644,Sherlock,Pfeffer,spfefferf3@ucoz.ru,Male,146.37.182.16
645,Hall,Backshall,hbackshallf4@biblegateway.com,Male,243.55.84.67
646,Kali,Gibbie,kgibbief5@goodreads.com,Female,231.93.207.81
647,Hewett,O'Currine,hocurrinef6@hostgator.com,Male,253.231.22.145
648,Melinde,Younglove,myounglovef7@vk.com,Female,206.193.128.51
649,Sutton,Deverick,sdeverickf8@addthis.com,Male,217.242.191.169
650,Elsbeth,Tavinor,etavinorf9@bbc.co.uk,Female,142.165.135.127
651,Rabi,O'Rodane,rorodanefa@jalbum.net,Male,56.252.215.84
652,Kylie,Scholig,kscholigfb@mapquest.com,Male,60.155.53.178
653,Bamby,Lanchester,blanchesterfc@bing.com,Female,19.51.133.53
654,Tiffy,Dupoy,tdupoyfd@state.gov,Female,39.203.154.225
655,Cliff,Swaton,cswatonfe@photobucket.com,Male,94.205.43.196
656,Helga,Jeandet,hjeandetff@wikipedia.org,Female,35.255.207.217
657,Hazel,Kurdani,hkurdanifg@nsw.gov.au,Female,170.162.238.61
658,Star,Marcam,smarcamfh@woothemes.com,Female,120.88.18.187
659,Andie,Vargas,avargasfi@live.com,Female,91.23.171.228
660,Bing,McPeice,bmcpeicefj@sciencedirect.com,Genderfluid,49.13.124.251
661,Jessey,Breedy,jbreedyfk@dell.com,Male,78.250.156.62
662,Jenica,Longo,jlongofl@thetimes.co.uk,Female,85.16.93.7
663,Shanan,Udey,sudeyfm@webeden.co.uk,Male,29.70.21.40
664,Kellyann,McCafferky,kmccafferkyfn@indiatimes.com,Female,205.73.247.234
665,Giorgia,Faucherand,gfaucherandfo@webeden.co.uk,Genderfluid,6.143.87.29
666,Rufus,Keddie,rkeddiefp@canalblog.com,Male,206.157.78.215
667,Nikolaus,Kitcher,nkitcherfq@noaa.gov,Male,225.140.69.195
668,Elisabet,Calderhead,ecalderheadfr@oracle.com,Female,73.155.181.216
669,Hermann,Chooter,hchooterfs@shinystat.com,Male,232.1.95.145
670,Leland,Oliff,loliffft@house.gov,Female,203.47.158.149
671,Jacqueline,Gothard,jgothardfu@surveymonkey.com,Female,41.221.214.168
672,Morlee,Payton,mpaytonfv@si.edu,Genderqueer,87.149.244.204
673,Melodie,Longworthy,mlongworthyfw@taobao.com,Female,100.214.73.244
674,Agatha,Hunnicot,ahunnicotfx@cocolog-nifty.com,Female,42.22.113.95
675,Ariela,Way,awayfy@google.com.br,Genderqueer,220.88.14.221
676,Ross,Woolard,rwoolardfz@seesaa.net,Male,212.76.97.55
677,Der,Sneesby,dsneesbyg0@telegraph.co.uk,Male,217.30.42.200
678,Salome,Alfuso,salfusog1@goo.ne.jp,Bigender,41.231.64.97
679,Grove,BoHlingolsen,gbohlingolseng2@yellowbook.com,Male,46.122.176.240
680,Vivien,Battrum,vbattrumg3@netvibes.com,Female,16.99.142.63
681,Maudie,Zoellner,mzoellnerg4@lycos.com,Female,164.167.58.172
682,Cassondra,Marriot,cmarriotg5@bloglovin.com,Female,244.58.98.201
683,Heidi,Fleetham,hfleethamg6@jugem.jp,Female,255.225.200.2
684,Ruperta,Blore,rbloreg7@dailymotion.com,Female,97.250.36.194
685,Manolo,Billyard,mbillyardg8@desdev.cn,Male,81.203.2.0
686,Kessiah,McCaughey,kmccaugheyg9@ning.com,Female,122.199.179.63
687,Torie,Roe,troega@home.pl,Female,181.106.213.191
688,Carrissa,Bidder,cbiddergb@mapquest.com,Female,196.67.181.185
689,Toni,Royden,troydengc@cornell.edu,Female,227.5.106.194
690,Marya,Andrzejowski,mandrzejowskigd@istockphoto.com,Female,190.235.71.80
691,Ewart,Lilbourne,elilbournege@blinklist.com,Male,16.134.40.118
692,Irene,Deval,idevalgf@usa.gov,Female,53.132.50.183
693,Georgia,Bode,gbodegg@squarespace.com,Female,75.237.138.246
694,Krishnah,Dale,kdalegh@paypal.com,Male,232.170.85.205
695,Nancee,Leggis,nleggisgi@free.fr,Female,1.12.232.209
696,Skelly,Stollenbecker,sstollenbeckergj@freewebs.com,Male,70.209.159.215
697,Kriste,Stubbin,kstubbingk@acquirethisname.com,Female,153.192.128.10
698,Marlin,Abade,mabadegl@furl.net,Male,235.73.227.147
699,Sissy,Cordall,scordallgm@mlb.com,Female,236.212.206.227
700,Blake,Skeat,bskeatgn@engadget.com,Male,138.60.187.160
701,Tobias,Reddings,treddingsgo@slate.com,Male,217.253.204.248
702,Roth,Simond,rsimondgp@webmd.com,Male,206.69.172.99
703,Kellie,Roggieri,kroggierigq@upenn.edu,Female,54.121.96.147
704,Mirilla,Wickie,mwickiegr@wufoo.com,Female,184.102.209.153
705,Lefty,Killock,lkillockgs@narod.ru,Polygender,133.109.66.147
706,Jemmie,Seeking,jseekinggt@wikispaces.com,Female,172.153.55.123
707,Garvy,Cricket,gcricketgu@purevolume.com,Male,145.100.17.165
708,Waneta,Groome,wgroomegv@prlog.org,Female,37.54.177.66
709,Stevy,Jaggers,sjaggersgw@nsw.gov.au,Male,163.80.126.244
710,Ariel,Greneham,agrenehamgx@youku.com,Female,99.18.213.11
711,Travers,Groome,tgroomegy@amazon.com,Genderqueer,124.233.216.197
712,Brana,Drake,bdrakegz@google.ru,Female,218.19.68.40
713,Nadiya,Cheson,nchesonh0@google.co.jp,Female,67.44.119.77
714,Nicolas,Tibbotts,ntibbottsh1@domainmarket.com,Male,40.178.239.164
715,Keir,Foot,kfooth2@bluehost.com,Male,73.209.66.175
716,Collette,Rosin,crosinh3@sciencedaily.com,Female,1.123.59.138
717,Kizzee,Chatenet,kchateneth4@statcounter.com,Female,130.15.26.18
718,Conroy,Wrightim,cwrightimh5@reddit.com,Male,164.151.24.64
719,Curr,Brazier,cbrazierh6@arstechnica.com,Male,109.67.92.84
720,Caitlin,Gregg,cgreggh7@marriott.com,Female,51.209.138.239
721,Elane,Pritchard,epritchardh8@ucoz.ru,Female,144.180.13.167
722,Leif,Courtonne,lcourtonneh9@constantcontact.com,Non-binary,218.31.102.66
723,Shaw,Stutely,sstutelyha@gravatar.com,Male,15.69.240.15
724,Wat,Yglesias,wyglesiashb@altervista.org,Male,118.4.172.144
725,Marchall,Roj,mrojhc@mit.edu,Male,78.212.235.118
726,Gannie,Hugues,ghugueshd@businessweek.com,Male,188.70.193.120
727,Kliment,Bichener,kbichenerhe@netlog.com,Male,61.218.55.250
728,Aubert,Benoix,abenoixhf@drupal.org,Male,42.91.153.237
729,Althea,Vasyatkin,avasyatkinhg@zdnet.com,Female,119.47.97.114
730,Blanca,Dmitr,bdmitrhh@berkeley.edu,Agender,228.24.48.66
731,Martin,Graeber,mgraeberhi@soup.io,Male,138.132.83.243
732,Joelly,Barrim,jbarrimhj@arstechnica.com,Female,65.250.22.243
733,Della,Lurner,dlurnerhk@soundcloud.com,Female,154.98.185.249
734,Nathan,Astman,nastmanhl@cisco.com,Male,164.221.132.103
735,Benjamen,Granger,bgrangerhm@privacy.gov.au,Male,112.111.250.11
736,Dane,Pebworth,dpebworthhn@oracle.com,Male,241.16.92.24
737,Alena,Meert,ameertho@patch.com,Female,115.244.79.196
738,Torry,Astle,tastlehp@sphinn.com,Male,210.240.148.228
739,Letti,Elis,lelishq@businessinsider.com,Female,59.128.31.41
740,Rudolph,Summerhayes,rsummerhayeshr@dagondesign.com,Male,127.93.194.135
741,Filmer,Jendrys,fjendryshs@360.cn,Polygender,62.121.65.214
742,Sofie,Soldner,ssoldnerht@csmonitor.com,Female,229.81.3.54
743,Kara-lynn,Mulcock,kmulcockhu@theglobeandmail.com,Female,248.143.16.28
744,Bradford,Cruz,bcruzhv@odnoklassniki.ru,Male,62.91.47.35
745,Suzette,Krzyzaniak,skrzyzaniakhw@youku.com,Female,97.24.86.8
746,Gilligan,Perryman,gperrymanhx@webmd.com,Female,64.148.181.17
747,Ashla,Radwell,aradwellhy@ustream.tv,Female,45.106.155.17
748,Roseline,Eye,reyehz@earthlink.net,Female,217.133.174.124
749,Mady,Kienlein,mkienleini0@purevolume.com,Female,223.43.107.214
750,Fredelia,Peggrem,fpeggremi1@gmpg.org,Female,164.164.89.97
751,Fletcher,Imlen,fimleni2@rakuten.co.jp,Male,233.147.119.92
752,Goldia,Hargrave,ghargravei3@friendfeed.com,Bigender,76.123.150.142
753,Delores,Headan,dheadani4@cafepress.com,Female,39.46.4.124
754,Gradeigh,Antoniazzi,gantoniazzii5@nytimes.com,Male,32.248.173.225
755,Jenine,Usher,jusheri6@vistaprint.com,Female,26.170.84.53
756,Nester,Strowan,nstrowani7@com.com,Male,14.52.40.76
757,Jillian,Giorgielli,jgiorgiellii8@accuweather.com,Female,4.10.178.181
758,Konstantine,Spaunton,kspauntoni9@cargocollective.com,Male,152.142.53.57
759,Hadria,Rountree,hrountreeia@merriam-webster.com,Polygender,175.250.172.252
760,Xymenes,Bakhrushin,xbakhrushinib@vinaora.com,Male,120.243.26.13
761,Henri,McCrea,hmccreaic@ucla.edu,Male,168.16.172.73
762,Zondra,Bayne,zbayneid@cmu.edu,Female,226.17.243.51
763,Dorie,Nisby,dnisbyie@blog.com,Female,93.126.10.121
764,Ealasaid,McCloch,emcclochif@eepurl.com,Female,89.48.68.209
765,Carmine,Partlett,cpartlettig@dell.com,Male,221.229.36.248
766,Bevin,MacKill,bmackillih@yolasite.com,Male,25.252.155.79
767,My,Curd,mcurdii@hexun.com,Male,173.3.18.42
768,Ambrosio,Burchall,aburchallij@simplemachines.org,Male,236.93.79.33
769,Kristel,Shapera,kshaperaik@bbc.co.uk,Female,143.195.99.192
770,Wilhelm,Chapleo,wchapleoil@nytimes.com,Male,19.58.62.212
771,Viola,MacSkeaghan,vmacskeaghanim@house.gov,Bigender,121.43.75.253
772,Ellary,Bittany,ebittanyin@w3.org,Agender,144.94.8.81
773,Camella,Sanper,csanperio@cargocollective.com,Female,3.84.142.88
774,Allyson,Dible,adibleip@weebly.com,Female,168.167.70.24
775,Janetta,Stickel,jstickeliq@bing.com,Female,235.117.144.240
776,Justis,Dorr,jdorrir@mediafire.com,Male,21.200.139.30
777,Bidget,Reschke,breschkeis@jiathis.com,Female,9.214.117.230
778,Pandora,Caspell,pcaspellit@mysql.com,Female,25.58.21.196
779,Bayard,Stockney,bstockneyiu@privacy.gov.au,Male,235.243.244.165
780,Shepherd,Brockie,sbrockieiv@netvibes.com,Male,205.80.197.246
781,Vanda,Pottell,vpottelliw@etsy.com,Polygender,9.90.223.68
782,Nanice,Jeannaud,njeannaudix@goo.gl,Female,75.131.17.30
783,Farr,Confait,fconfaitiy@loc.gov,Male,26.79.13.90
784,Cloe,Ashbey,cashbeyiz@hugedomains.com,Female,222.46.67.232
785,Fifi,Vuitton,fvuittonj0@deliciousdays.com,Female,22.103.34.57
786,Candra,Comins,ccominsj1@tripod.com,Female,85.7.111.72
787,Felike,Vickars,fvickarsj2@usgs.gov,Male,32.244.199.247
788,Leroy,Pochin,lpochinj3@ucoz.com,Male,241.125.109.149
789,Michelle,Downie,mdowniej4@webs.com,Female,144.169.98.132
790,Karyl,Dakin,kdakinj5@privacy.gov.au,Female,1.96.78.169
791,Madge,Cogley,mcogleyj6@acquirethisname.com,Female,27.44.227.114
792,Leonhard,Fiveash,lfiveashj7@engadget.com,Male,50.241.2.156
793,Misha,Guyet,mguyetj8@addtoany.com,Female,210.140.87.115
794,Standford,Denisyuk,sdenisyukj9@shop-pro.jp,Male,233.108.86.213
795,Rickard,Allett,rallettja@foxnews.com,Male,85.249.157.205
796,Alick,Davenhill,adavenhilljb@csmonitor.com,Male,124.251.116.85
797,Witty,Bruni,wbrunijc@t.co,Male,249.250.108.241
798,Lowrance,Priditt,lpridittjd@taobao.com,Agender,83.80.174.120
799,Norry,Stealey,nstealeyje@icio.us,Male,132.79.57.128
800,Thibaut,Kynoch,tkynochjf@squarespace.com,Male,80.148.225.169
801,Kassey,Grishagin,kgrishaginjg@about.me,Female,0.27.77.95
802,Irvin,Roe,iroejh@nba.com,Male,134.216.157.9
803,Cherye,Reynard,creynardji@github.com,Female,83.213.253.201
804,Marisa,Learoyd,mlearoydjj@webeden.co.uk,Female,93.180.209.250
805,Lannie,Davidson,ldavidsonjk@de.vu,Male,213.30.249.140
806,Noelyn,Dayne,ndaynejl@theglobeandmail.com,Female,72.178.93.169
807,Shelba,Kulvear,skulvearjm@mediafire.com,Female,197.142.9.238
808,Fancie,Peery,fpeeryjn@sourceforge.net,Female,25.78.175.3
809,Rad,Bowley,rbowleyjo@spiegel.de,Male,228.136.239.70
810,Lionello,Botcherby,lbotcherbyjp@home.pl,Male,53.196.161.188
811,Sallie,Issacson,sissacsonjq@google.es,Female,187.9.169.37
812,Rollie,Brumfitt,rbrumfittjr@msu.edu,Male,109.90.92.203
813,Karlens,Sturgess,ksturgessjs@upenn.edu,Male,94.254.99.5
814,Hedvige,Welfare,hwelfarejt@japanpost.jp,Female,30.152.1.72
815,Humfrid,Vile,hvileju@census.gov,Polygender,97.117.155.15
816,Nelson,Guillem,nguillemjv@howstuffworks.com,Male,183.94.89.120
817,Eli,Sackler,esacklerjw@microsoft.com,Male,125.235.226.31
818,Bobby,Binnell,bbinnelljx@csmonitor.com,Male,48.214.225.166
819,Barr,Thon,bthonjy@clickbank.net,Male,88.9.57.130
820,Eamon,Yakunchikov,eyakunchikovjz@seesaa.net,Male,218.227.145.173
821,Janek,Ramplee,jrampleek0@icq.com,Male,81.71.4.172
822,Faustine,Evens,fevensk1@zdnet.com,Female,187.116.1.12
823,Erhart,Udall,eudallk2@yahoo.co.jp,Male,47.100.133.121
824,Jerry,Van der Krui,jvanderkruik3@lulu.com,Female,23.165.196.33
825,Roseline,Iacovuzzi,riacovuzzik4@disqus.com,Female,47.100.252.90
826,Luis,Gatteridge,lgatteridgek5@devhub.com,Male,72.42.84.83
827,Barbra,Beadnall,bbeadnallk6@constantcontact.com,Female,82.187.251.111
828,Guthrie,Cloake,gcloakek7@fotki.com,Male,24.92.40.246
829,Aaron,Brolechan,abrolechank8@alexa.com,Male,115.152.101.32
830,Alric,Ivakhno,aivakhnok9@time.com,Male,184.219.227.92
831,Orv,Halvosen,ohalvosenka@last.fm,Male,34.217.217.72
832,Carmelia,Fateley,cfateleykb@biglobe.ne.jp,Female,0.202.91.13
833,Chane,Bordiss,cbordisskc@nhs.uk,Male,191.141.211.31
834,Oby,Matuskiewicz,omatuskiewiczkd@discovery.com,Genderfluid,7.222.200.213
835,Darlene,Stubbings,dstubbingske@ebay.co.uk,Female,96.198.182.23
836,Georgette,Goucher,ggoucherkf@google.com,Female,181.180.130.249
837,Gregorio,Abbey,gabbeykg@icq.com,Male,21.209.122.88
838,Araldo,Bellini,abellinikh@nps.gov,Male,193.193.72.181
839,Timofei,Potticary,tpotticaryki@google.cn,Genderqueer,92.142.114.32
840,Taber,Boydle,tboydlekj@cnet.com,Bigender,27.91.24.135
841,Somerset,La Grange,slagrangekk@ucla.edu,Male,147.42.53.100
842,Cathee,Curds,ccurdskl@acquirethisname.com,Female,193.164.42.52
843,Nevin,Trenfield,ntrenfieldkm@usgs.gov,Male,223.197.130.136
844,Bibi,Dracey,bdraceykn@blogger.com,Female,132.204.241.82
845,Nate,Toun,ntounko@phoca.cz,Male,77.201.92.143
846,Charley,Peirazzi,cpeirazzikp@apple.com,Male,225.151.163.110
847,Tomkin,Storry,tstorrykq@tiny.cc,Male,91.237.248.77
848,Giustina,Brimblecombe,gbrimblecombekr@squarespace.com,Female,60.198.88.164
849,Gorden,Summons,gsummonsks@mozilla.org,Male,54.75.123.74
850,Earvin,Ivan,eivankt@google.fr,Male,128.211.32.12
851,Issiah,Letertre,iletertreku@hibu.com,Male,33.119.231.224
852,Kerry,Rentoll,krentollkv@craigslist.org,Male,24.153.225.137
853,Leesa,Gaitskell,lgaitskellkw@hc360.com,Polygender,26.85.123.161
854,Ysabel,Leynagh,yleynaghkx@usgs.gov,Female,158.123.206.242
855,Berkley,Roulston,broulstonky@nsw.gov.au,Male,118.16.14.28
856,Muhammad,Quilligan,mquilligankz@delicious.com,Male,142.186.46.63
857,Palmer,Ratray,pratrayl0@cmu.edu,Male,242.232.153.205
858,Asa,Knipe,aknipel1@ustream.tv,Male,248.9.183.155
859,Jeanelle,Jellett,jjellettl2@yellowpages.com,Female,130.1.225.57
860,Sid,Vallentin,svallentinl3@free.fr,Male,111.212.192.88
861,Cherida,Olin,colinl4@go.com,Female,6.220.179.192
862,Haskel,Baud,hbaudl5@independent.co.uk,Male,156.180.1.107
863,Louise,Nuccii,lnucciil6@forbes.com,Female,53.213.171.152
864,Sibyl,Toll,stolll7@nifty.com,Male,41.24.123.21
865,Emlyn,Shreeve,eshreevel8@bandcamp.com,Female,50.27.130.36
866,Sonja,Allom,salloml9@intel.com,Female,92.0.234.158
867,Jena,Moline,jmolinela@shareasale.com,Female,99.141.104.90
868,Lutero,Craythorne,lcraythornelb@virginia.edu,Male,39.163.76.181
869,Seka,Bozworth,sbozworthlc@dell.com,Female,150.137.186.171
870,Terza,Rhyme,trhymeld@facebook.com,Female,95.251.241.33
871,Barnett,Frisby,bfrisbyle@nps.gov,Male,189.26.10.210
872,Eolanda,Kinnach,ekinnachlf@goodreads.com,Female,9.26.148.228
873,Rey,Maudlin,rmaudlinlg@ezinearticles.com,Female,200.106.69.79
874,Rozelle,Kingscott,rkingscottlh@cocolog-nifty.com,Female,60.66.113.145
875,Teador,Firmager,tfirmagerli@blogs.com,Male,186.99.62.251
876,Weber,Sothcott,wsothcottlj@google.com.au,Male,193.214.46.196
877,Bobette,Rosenfrucht,brosenfruchtlk@netscape.com,Female,48.43.64.135
878,Vally,Gebhardt,vgebhardtll@surveymonkey.com,Female,118.20.214.93
879,Ruthy,Wellum,rwellumlm@vk.com,Female,188.255.74.64
880,Retha,Hanbury-Brown,rhanburybrownln@storify.com,Female,85.145.215.210
881,Brandtr,Tampion,btampionlo@un.org,Male,121.233.28.144
882,Ewell,Linck,elincklp@deliciousdays.com,Male,132.154.11.228
883,Ricard,Herrieven,rherrievenlq@craigslist.org,Male,121.44.59.167
884,Justinn,Goodbar,jgoodbarlr@indiatimes.com,Female,4.72.71.64
885,Bell,Mc Meekan,bmcmeekanls@weebly.com,Female,187.146.63.147
886,Amabelle,Caghy,acaghylt@networksolutions.com,Female,144.6.85.165
887,Broderic,Sidden,bsiddenlu@xing.com,Male,203.6.150.128
888,Randal,Bavister,rbavisterlv@xrea.com,Male,13.244.120.68
889,Christiane,Klewi,cklewilw@ucoz.ru,Female,91.241.29.73
890,Mireielle,Hulle,mhullelx@chronoengine.com,Female,32.234.178.147
891,Leia,Aslam,laslamly@blogs.com,Female,183.97.220.128
892,Brit,Nawton,bnawtonlz@creativecommons.org,Male,84.167.76.172
893,Cynthy,Nisen,cnisenm0@discovery.com,Female,52.116.218.245
894,Aline,Hayhurst,ahayhurstm1@behance.net,Female,12.133.220.4
895,Layla,Simacek,lsimacekm2@go.com,Female,8.35.0.231
896,Tally,Perroni,tperronim3@sakura.ne.jp,Male,192.247.2.45
897,Annetta,Dienes,adienesm4@wikipedia.org,Female,232.137.50.206
898,Werner,Lannin,wlanninm5@indiatimes.com,Bigender,132.65.5.192
899,Ardath,Alexandrescu,aalexandrescum6@technorati.com,Female,217.10.47.57
900,Wang,Wildey,wwildeym7@techcrunch.com,Male,65.101.41.117
901,Muhammad,Jeaycock,mjeaycockm8@google.com.au,Male,11.217.66.145
902,Arleyne,Birchett,abirchettm9@smugmug.com,Female,4.34.195.206
903,Lindy,Breache,lbreachema@rakuten.co.jp,Female,94.103.10.80
904,Cordi,Cake,ccakemb@nature.com,Female,146.57.74.22
905,Allyn,Woodage,awoodagemc@samsung.com,Male,246.230.119.33
906,Drucie,Cossor,dcossormd@gmpg.org,Female,235.202.200.56
907,Kissiah,L' Anglois,klangloisme@businessinsider.com,Agender,150.227.6.37
908,Livvy,Bowcher,lbowchermf@freewebs.com,Female,168.164.209.165
909,Sky,Batcheldor,sbatcheldormg@twitter.com,Male,152.29.162.76
910,Madge,Bruster,mbrustermh@youku.com,Genderfluid,128.132.162.209
911,Percival,Heel,pheelmi@sourceforge.net,Male,89.57.50.166
912,Laughton,Greetland,lgreetlandmj@ucoz.ru,Male,202.237.178.232
913,Miranda,Riddoch,mriddochmk@lycos.com,Female,71.30.51.162
914,Maurice,Catterson,mcattersonml@qq.com,Male,48.129.83.220
915,Sheff,Gross,sgrossmm@addtoany.com,Male,14.176.98.81
916,Clayborne,Glendzer,cglendzermn@latimes.com,Male,148.12.117.142
917,Paule,Copas,pcopasmo@yelp.com,Female,170.203.83.140
918,Quentin,Goodding,qgooddingmp@archive.org,Male,64.175.107.162
919,Kirby,Benyan,kbenyanmq@mashable.com,Female,233.123.60.121
920,Tiff,Adamiak,tadamiakmr@home.pl,Female,84.156.103.119
921,Nikita,Kalisz,nkaliszms@washingtonpost.com,Male,72.214.35.76
922,Giraud,Doore,gdooremt@ustream.tv,Male,14.219.55.29
923,Jim,Escudier,jescudiermu@cnet.com,Male,185.173.203.171
924,Savina,Redferne,sredfernemv@t.co,Bigender,70.205.138.234
925,Abigael,Gladdor,agladdormw@smh.com.au,Bigender,177.53.96.148
926,Julee,Penhalurick,jpenhalurickmx@dell.com,Female,171.71.222.29
927,Marianna,Martinovsky,mmartinovskymy@newsvine.com,Female,170.49.155.128
928,Katie,McLae,kmclaemz@slashdot.org,Female,16.99.228.45
929,Roosevelt,Petrulis,rpetrulisn0@zdnet.com,Male,147.186.108.254
930,Garrett,Blanchette,gblanchetten1@flickr.com,Male,65.138.10.180
931,Corliss,Bugge,cbuggen2@xinhuanet.com,Female,99.91.77.127
932,Polly,Okill,pokilln3@php.net,Genderqueer,41.83.184.42
933,Estell,Lesser,elessern4@angelfire.com,Female,94.19.1.177
934,Joyce,Bosward,jboswardn5@photobucket.com,Female,79.74.81.185
935,Freddy,Cottel,fcotteln6@tuttocitta.it,Male,165.22.235.1
936,Judith,Boulsher,jboulshern7@google.pl,Female,81.50.114.93
937,Barnabas,Matthews,bmatthewsn8@ed.gov,Polygender,122.68.51.13
938,Noni,Pedel,npedeln9@1688.com,Polygender,62.103.19.61
939,Aryn,Fideler,afidelerna@miitbeian.gov.cn,Female,53.13.73.180
940,Hinda,Keerl,hkeerlnb@cnn.com,Female,19.158.33.42
941,Alison,Blow,ablownc@tiny.cc,Agender,88.102.26.236
942,Godfree,Tudbald,gtudbaldnd@myspace.com,Male,222.133.30.46
943,Osmund,Thackston,othackstonne@timesonline.co.uk,Bigender,171.104.185.48
944,Rouvin,Stolworthy,rstolworthynf@i2i.jp,Male,146.149.235.98
945,Konrad,Wildbore,kwildboreng@umn.edu,Genderqueer,119.240.65.102
946,Sol,Clacey,sclaceynh@1und1.de,Male,4.74.29.198
947,Stepha,Smythin,ssmythinni@miibeian.gov.cn,Female,47.135.152.214
948,Robin,Lehrmann,rlehrmannnj@weibo.com,Male,196.165.90.36
949,Crosby,Rilings,crilingsnk@yolasite.com,Male,110.92.120.176
950,Raul,Clapshaw,rclapshawnl@digg.com,Male,13.0.22.166
951,Meg,Fewell,mfewellnm@state.gov,Female,100.22.212.203
952,Ezekiel,McKintosh,emckintoshnn@skyrock.com,Male,135.1.242.16
953,Robenia,Ridgedell,rridgedellno@mac.com,Female,158.143.220.173
954,Desi,Jenkins,djenkinsnp@ehow.com,Male,48.156.164.228
955,Aldrich,Lambrechts,alambrechtsnq@forbes.com,Male,152.48.252.111
956,Brice,Shwenn,bshwennnr@barnesandnoble.com,Male,47.67.247.80
957,Lucita,Knowling,lknowlingns@bing.com,Non-binary,231.130.47.55
958,Victor,Wilfing,vwilfingnt@sun.com,Male,156.137.9.243
959,Jeffie,Georgot,jgeorgotnu@accuweather.com,Male,104.104.86.192
960,Johannah,Micco,jmicconv@digg.com,Female,98.194.67.137
961,Ferrell,Simonel,fsimonelnw@eventbrite.com,Male,247.247.141.94
962,Hillie,Dransfield,hdransfieldnx@ftc.gov,Male,63.48.194.229
963,Wyndham,Krale,wkraleny@ibm.com,Male,116.47.56.69
964,Lenee,Moakes,lmoakesnz@diigo.com,Female,249.182.162.135
965,Cob,Scanderet,cscandereto0@timesonline.co.uk,Male,125.103.250.150
966,Tressa,Janaway,tjanawayo1@google.com.au,Agender,145.170.24.181
967,Olive,Jose,ojoseo2@wikimedia.org,Female,51.148.37.103
968,Pierre,Clute,pcluteo3@un.org,Male,222.91.17.218
969,Angelika,Stangroom,astangroomo4@edublogs.org,Female,92.177.65.245
970,Brenden,Konertz,bkonertzo5@delicious.com,Male,136.71.146.246
971,Willyt,Franek,wfraneko6@merriam-webster.com,Female,182.75.207.251
972,Fernanda,Kohring,fkohringo7@bandcamp.com,Bigender,226.122.102.20
973,Collin,Torald,ctoraldo8@vkontakte.ru,Male,13.215.132.186
974,Leone,Faithfull,lfaithfullo9@amazonaws.com,Female,134.232.217.20
975,Roddy,Petrus,rpetrusoa@patch.com,Male,20.4.165.185
976,Kimmy,Clarricoates,kclarricoatesob@cbsnews.com,Female,187.78.67.91
977,Gard,Wogden,gwogdenoc@deliciousdays.com,Male,114.130.28.53
978,Alonso,Childs,achildsod@edublogs.org,Genderfluid,97.73.125.51
979,Cobbie,Baude,cbaudeoe@statcounter.com,Male,137.172.89.149
980,Laurie,Klimkovich,lklimkovichof@oaic.gov.au,Bigender,69.206.194.40
981,Fredek,Heindle,fheindleog@feedburner.com,Male,185.148.198.234
982,Crissy,Trynor,ctrynoroh@nsw.gov.au,Female,60.172.191.234
983,Saleem,McCreary,smccrearyoi@cmu.edu,Male,155.186.4.150
984,Shane,O'Rowane,sorowaneoj@tripadvisor.com,Male,101.175.57.123
985,Maribel,Fairpool,mfairpoolok@wsj.com,Female,0.206.236.151
986,Sheffy,Grasha,sgrashaol@mapquest.com,Male,2.243.28.228
987,Skipton,Scolli,sscolliom@mediafire.com,Male,140.35.172.33
988,Catina,Norrington,cnorringtonon@imgur.com,Female,112.112.251.183
989,Kirby,Muff,kmuffoo@seesaa.net,Male,126.47.61.74
990,Hillard,Backe,hbackeop@spotify.com,Male,3.207.188.72
991,Dyann,Nelthorpe,dnelthorpeoq@unblog.fr,Female,176.229.75.188
992,Doralin,Wildblood,dwildbloodor@merriam-webster.com,Female,12.82.21.240
993,Susann,Vasyaev,svasyaevos@webmd.com,Polygender,128.99.14.148
994,Hewie,Saltman,hsaltmanot@mit.edu,Male,92.158.143.26
995,Bryna,Libri,blibriou@vk.com,Female,247.30.60.221
996,Tuesday,Whilder,twhilderov@wikispaces.com,Female,226.24.79.120
997,Selby,Hillborne,shillborneow@intel.com,Male,140.186.135.161
998,Madonna,Jewett,mjewettox@berkeley.edu,Female,229.7.146.203
999,Fonz,Bartoszewski,fbartoszewskioy@theguardian.com,Male,217.107.25.120
1000,Drew,MacGeaney,dmacgeaneyoz@imgur.com,Male,125.66.98.138
1001,Christin,Randleson,crandlesonp0@163.com,Female,172.24.31.75
1002,Julia,Ovid,jovidp1@wikimedia.org,Agender,232.159.112.242
1003,Eula,Crimin,ecriminp2@usda.gov,Female,97.65.100.100
1004,Gerek,Lethieulier,glethieulierp3@bbc.co.uk,Male,193.29.171.128
1005,Carleen,Ransfield,cransfieldp4@mtv.com,Female,252.121.217.111
1006,Gavra,Gravet,ggravetp5@apple.com,Female,222.159.88.239
1007,Heidie,Iseton,hisetonp6@thetimes.co.uk,Genderfluid,157.204.135.135
1008,Gabriellia,Howchin,ghowchinp7@dailymotion.com,Genderqueer,179.190.53.31
1009,Merrilee,Brenard,mbrenardp8@ftc.gov,Female,192.1.222.119
1010,Carilyn,Gyorffy,cgyorffyp9@ow.ly,Female,162.89.166.105
1011,Lavina,Hessay,lhessaypa@digg.com,Female,19.210.6.120
1012,Beverly,Antley,bantleypb@jiathis.com,Female,232.1.60.157
1013,Eirena,Jakoviljevic,ejakoviljevicpc@europa.eu,Female,62.143.107.138
1014,Christiano,Elies,celiespd@biglobe.ne.jp,Male,47.21.141.62
1015,Paul,Scemp,pscemppe@accuweather.com,Male,68.13.220.92
1016,Moses,Hares,mharespf@kickstarter.com,Male,246.172.107.142
1017,Daphna,Lanston,dlanstonpg@columbia.edu,Female,159.142.244.209
1018,Brook,Rook,brookph@goodreads.com,Female,163.120.99.202
1019,Eilis,Gethyn,egethynpi@photobucket.com,Female,239.148.197.163
1020,Tansy,Mart,tmartpj@squarespace.com,Female,215.76.240.109
1021,Nicko,Haggart,nhaggartpk@privacy.gov.au,Male,27.228.46.58
1022,Collie,Elener,celenerpl@theguardian.com,Genderfluid,218.142.223.68
1023,Powell,Kubicki,pkubickipm@usnews.com,Male,194.123.62.2
1024,Rufe,Crathern,rcrathernpn@vkontakte.ru,Male,133.224.13.252
1025,Shamus,Garrique,sgarriquepo@squarespace.com,Male,50.93.122.195
1026,Clarette,Eagling,ceaglingpp@ed.gov,Female,163.26.159.199
1027,Sancho,Twinbourne,stwinbournepq@histats.com,Male,48.129.180.103
1028,Wilbur,Curson,wcursonpr@japanpost.jp,Genderqueer,245.215.92.211
1029,Arly,Fawbert,afawbertps@baidu.com,Female,228.189.225.182
1030,Conant,Ferrotti,cferrottipt@nationalgeographic.com,Male,17.32.39.98
1031,Colby,Licas,clicaspu@google.com.au,Male,217.120.22.5
1032,Elmo,Daw,edawpv@nature.com,Male,209.208.66.153
1033,Melony,Kerss,mkersspw@cmu.edu,Female,164.217.250.225
1034,Raddie,Rugieri,rrugieripx@behance.net,Male,95.200.196.227
1035,Dulcine,Camili,dcamilipy@bbb.org,Genderfluid,38.96.56.205
1036,Kassie,Reucastle,kreucastlepz@timesonline.co.uk,Female,86.121.16.139
1037,Archibaldo,Duffett,aduffettq0@mlb.com,Agender,72.33.219.179
1038,Joellyn,Gerber,jgerberq1@behance.net,Female,103.215.32.187
1039,Agneta,Louw,alouwq2@engadget.com,Female,185.57.15.237
1040,Cornall,Pallant,cpallantq3@reuters.com,Male,115.105.108.234
1041,Molli,Hambright,mhambrightq4@gravatar.com,Female,239.105.69.73
1042,Aguistin,Dienes,adienesq5@ovh.net,Male,238.62.228.86
1043,Nathalie,Geikie,ngeikieq6@cmu.edu,Female,142.235.19.51
1044,Cathrine,Josephi,cjosephiq7@europa.eu,Female,175.46.46.70
1045,Ezequiel,Haldenby,ehaldenbyq8@dedecms.com,Genderfluid,154.23.53.154
1046,Shurlocke,Gladwish,sgladwishq9@mac.com,Male,106.214.249.61
1047,Sheeree,Kettlesing,skettlesingqa@merriam-webster.com,Agender,138.129.217.104
1048,Leopold,Renak,lrenakqb@nytimes.com,Male,227.210.160.237
1049,Izak,Widdicombe,iwiddicombeqc@myspace.com,Male,163.194.14.5
1050,Rhys,Limeburner,rlimeburnerqd@tripadvisor.com,Male,230.237.20.0
1051,Lin,Hindrick,lhindrickqe@people.com.cn,Female,225.48.102.119
1052,Killian,Carff,kcarffqf@etsy.com,Male,215.214.63.168
1053,Borden,Kippin,bkippinqg@instagram.com,Male,249.141.40.94
1054,Melisse,Gohn,mgohnqh@photobucket.com,Female,138.179.152.94
1055,Stavros,Blenkinsopp,sblenkinsoppqi@wp.com,Male,33.240.204.245
1056,Anastasia,Abrehart,aabrehartqj@ted.com,Female,156.0.54.82
1057,Jessie,Bodley,jbodleyqk@mapy.cz,Female,43.5.109.239
1058,Lezlie,Stowgill,lstowgillql@jugem.jp,Female,65.178.98.81
1059,Thedric,Biasini,tbiasiniqm@seesaa.net,Male,23.213.239.155
1060,Arielle,Fearby,afearbyqn@who.int,Female,11.174.99.195
1061,Shannon,Taggert,staggertqo@wunderground.com,Male,41.204.92.131
1062,Constantia,Shimony,cshimonyqp@angelfire.com,Female,50.136.157.8
1063,Nollie,Enrrico,nenrricoqq@shareasale.com,Male,77.229.41.20
1064,Olivette,Element,oelementqr@homestead.com,Female,14.71.68.216
1065,Dionne,Aveyard,daveyardqs@istockphoto.com,Female,36.16.148.157
1066,Rockwell,Kingstne,rkingstneqt@google.co.uk,Male,130.245.99.254
1067,Reece,Nairne,rnairnequ@who.int,Male,163.177.50.203
1068,Percival,Freschi,pfreschiqv@nsw.gov.au,Male,158.121.7.60
1069,Grethel,Hymans,ghymansqw@hc360.com,Female,164.205.36.125
1070,Arlen,Wharf,awharfqx@homestead.com,Female,112.165.220.60
1071,Hermy,Snowman,hsnowmanqy@technorati.com,Male,79.227.164.99
1072,Avrom,Weed,aweedqz@unesco.org,Male,203.203.254.176
1073,Gratia,Bisseker,gbissekerr0@netlog.com,Female,67.205.62.60
1074,Tamar,O'Duggan,todugganr1@yelp.com,Female,71.51.245.56
1075,Joyan,Weeke,jweeker2@blogger.com,Female,200.232.204.26
1076,Doretta,Carbonell,dcarbonellr3@seattletimes.com,Female,140.205.151.66
1077,Ladonna,Abrahmovici,labrahmovicir4@reference.com,Female,178.20.244.238
1078,Shadow,Darbey,sdarbeyr5@illinois.edu,Non-binary,121.175.123.191
1079,Jaime,Caunce,jcauncer6@hexun.com,Female,78.52.105.17
1080,Evan,Jennrich,ejennrichr7@msu.edu,Male,239.81.233.207
1081,Madelene,Spinozzi,mspinozzir8@macromedia.com,Female,207.199.209.112
1082,Marge,Breazeall,mbreazeallr9@miitbeian.gov.cn,Female,151.20.253.239
1083,Carol-jean,Saddington,csaddingtonra@mail.ru,Female,49.124.53.152
1084,Justinn,Januszewicz,jjanuszewiczrb@hatena.ne.jp,Female,88.199.133.90
1085,Lori,Bentje,lbentjerc@virginia.edu,Female,152.210.200.39
1086,Davide,Garrettson,dgarrettsonrd@a8.net,Male,65.99.8.57
1087,Letitia,Tattersill,ltattersillre@google.de,Female,148.183.51.181
1088,Harman,Le Moucheux,hlemoucheuxrf@reddit.com,Male,155.14.19.237
1089,Verine,Screase,vscreaserg@zdnet.com,Female,164.54.12.250
1090,Shirleen,Coleshill,scoleshillrh@woothemes.com,Female,128.63.246.115
1091,Ki,Brant,kbrantri@gmpg.org,Female,209.51.5.178
1092,Ibrahim,Rawlinson,irawlinsonrj@imdb.com,Agender,173.205.15.233
1093,Kathye,Volk,kvolkrk@yellowpages.com,Female,230.187.226.128
1094,Madalena,Hylands,mhylandsrl@fc2.com,Female,222.64.209.237
1095,Braden,Skakunas,bskakunasrm@wordpress.com,Male,73.0.78.38
1096,Mace,Denness,mdennessrn@cafepress.com,Male,151.114.236.230
1097,Kai,Keays,kkeaysro@facebook.com,Female,223.153.174.170
1098,Dane,Ovendale,dovendalerp@mail.ru,Genderqueer,142.9.22.53
1099,Dun,Akerman,dakermanrq@wikispaces.com,Genderqueer,204.117.139.110
1100,Jean,Addekin,jaddekinrr@networkadvertising.org,Male,36.48.57.251
